"","Time","ID","Sex","Age","BMI","sp1","sp2","sp3","sp4","sp5","sp6","sp7","sp8","sp9","sp10","sp11","sp12","sp13","sp14","sp15","sp16","sp17","sp18","sp19","sp20"
"Sbj1_Time1",1,1,0,-0.18,4.58,123,93,81,61,122,124,28,85,52,109,158,104,47,62,86,45,113,37,134,38
"Sbj1_Time10",10,1,0,-0.18,4.58,45,111,110,96,21,44,89,31,115,54,69,120,53,47,93,41,39,39,107,131
"Sbj1_Time2",2,1,0,-0.18,4.58,62,101,146,82,39,43,71,31,98,70,75,143,74,74,73,52,19,51,111,150
"Sbj1_Time3",3,1,0,-0.18,4.58,43,113,120,79,42,53,89,58,100,67,61,113,70,59,104,51,36,60,114,135
"Sbj1_Time4",4,1,0,-0.18,4.58,48,113,131,66,48,39,83,32,103,60,89,145,63,49,74,58,31,58,123,131
"Sbj1_Time5",5,1,0,-0.18,4.58,48,105,123,84,26,40,77,53,110,55,53,126,59,42,90,28,31,54,110,117
"Sbj1_Time6",6,1,0,-0.18,4.58,40,107,111,101,50,42,85,68,118,52,81,123,85,40,99,39,32,32,139,123
"Sbj1_Time7",7,1,0,-0.18,4.58,56,97,119,75,60,59,71,46,98,51,69,118,48,58,75,34,19,41,114,122
"Sbj1_Time8",8,1,0,-0.18,4.58,60,112,142,66,39,51,91,58,97,77,80,119,72,53,95,46,25,58,131,131
"Sbj1_Time9",9,1,0,-0.18,4.58,59,127,124,64,42,25,69,14,113,79,81,121,71,54,86,40,38,41,109,124
"Sbj10_Time1",1,10,1,-12.18,-1.42,75,126,128,98,99,91,118,117,105,117,160,175,213,128,158,36,132,130,94,129
"Sbj10_Time10",10,10,1,-12.18,-1.42,66,16,128,44,58,87,58,36,72,104,185,155,159,177,126,65,89,35,87,97
"Sbj10_Time2",2,10,1,-12.18,-1.42,82,38,128,30,68,93,71,26,82,126,167,173,156,179,109,52,92,50,89,69
"Sbj10_Time3",3,10,1,-12.18,-1.42,60,42,126,45,56,78,56,24,68,110,193,168,162,162,119,53,106,54,100,83
"Sbj10_Time4",4,10,1,-12.18,-1.42,76,57,134,45,71,85,34,31,70,90,169,158,169,150,113,69,91,49,108,77
"Sbj10_Time5",5,10,1,-12.18,-1.42,66,50,154,29,56,95,50,14,79,113,185,149,175,170,113,43,103,40,108,89
"Sbj10_Time6",6,10,1,-12.18,-1.42,61,21,139,34,65,72,54,42,50,112,191,163,167,156,120,67,83,44,105,100
"Sbj10_Time7",7,10,1,-12.18,-1.42,55,30,140,24,73,102,51,41,67,113,191,168,153,158,121,55,102,46,102,67
"Sbj10_Time8",8,10,1,-12.18,-1.42,78,53,121,50,89,76,39,48,69,102,183,141,162,169,127,59,101,51,87,95
"Sbj10_Time9",9,10,1,-12.18,-1.42,55,30,122,60,74,82,46,30,58,113,169,150,167,172,126,65,95,52,98,70
"Sbj11_Time1",1,11,0,7.82,-2.42,67,48,48,66,122,113,75,52,120,75,53,121,138,93,153,36,108,104,111,50
"Sbj11_Time10",10,11,0,7.82,-2.42,60,42,92,45,23,65,53,119,90,140,162,106,127,128,113,51,27,69,65,133
"Sbj11_Time2",2,11,0,7.82,-2.42,43,40,84,48,36,61,43,95,83,129,146,110,144,134,126,44,19,75,89,129
"Sbj11_Time3",3,11,0,7.82,-2.42,39,37,92,32,46,78,54,128,88,139,119,99,142,129,123,45,38,68,86,142
"Sbj11_Time4",4,11,0,7.82,-2.42,66,43,84,48,28,67,65,121,84,137,132,107,124,143,110,53,24,72,77,114
"Sbj11_Time5",5,11,0,7.82,-2.42,28,33,85,55,63,62,39,118,90,120,147,125,146,138,137,46,48,61,75,127
"Sbj11_Time6",6,11,0,7.82,-2.42,33,39,95,30,44,75,52,107,89,130,117,124,176,134,101,33,25,75,84,140
"Sbj11_Time7",7,11,0,7.82,-2.42,44,24,95,23,46,76,65,110,86,108,142,101,128,137,96,66,32,72,68,139
"Sbj11_Time8",8,11,0,7.82,-2.42,42,50,78,36,35,75,49,112,78,119,137,110,175,140,135,53,46,59,69,128
"Sbj11_Time9",9,11,0,7.82,-2.42,31,23,107,31,35,80,56,128,87,127,116,106,136,134,105,51,27,73,63,131
"Sbj12_Time1",1,12,0,-3.18,-3.42,91,71,75,132,44,100,40,106,133,119,52,91,50,134,97,44,37,46,91,30
"Sbj12_Time10",10,12,0,-3.18,-3.42,52,69,65,114,60,89,77,93,110,40,146,53,111,125,61,150,50,88,129,79
"Sbj12_Time2",2,12,0,-3.18,-3.42,48,62,72,92,58,68,73,88,107,60,135,46,139,91,80,156,48,91,122,78
"Sbj12_Time3",3,12,0,-3.18,-3.42,41,70,70,105,38,82,65,90,106,72,148,53,146,101,91,120,39,87,108,74
"Sbj12_Time4",4,12,0,-3.18,-3.42,63,71,58,97,44,69,76,78,114,46,104,56,128,104,75,149,46,94,127,93
"Sbj12_Time5",5,12,0,-3.18,-3.42,44,65,63,97,46,106,85,98,100,58,119,37,138,88,53,154,45,96,116,92
"Sbj12_Time6",6,12,0,-3.18,-3.42,49,81,58,102,61,90,76,80,113,58,110,45,125,94,66,129,43,89,131,70
"Sbj12_Time7",7,12,0,-3.18,-3.42,39,78,84,99,37,82,78,111,109,77,118,45,118,97,64,118,41,89,115,84
"Sbj12_Time8",8,12,0,-3.18,-3.42,38,71,56,105,58,83,83,79,102,63,135,52,127,99,90,155,36,90,117,92
"Sbj12_Time9",9,12,0,-3.18,-3.42,45,68,53,80,44,97,84,83,100,52,120,42,135,97,106,130,23,96,115,84
"Sbj13_Time1",1,13,0,-8.18,-8.42,81,21,71,118,97,90,134,88,32,56,81,73,153,52,82,52,95,126,107,144
"Sbj13_Time10",10,13,0,-8.18,-8.42,8,63,60,95,37,115,122,50,30,134,136,74,84,64,44,64,62,49,54,89
"Sbj13_Time2",2,13,0,-8.18,-8.42,49,40,37,82,35,111,107,50,32,125,152,103,84,60,48,63,36,43,45,77
"Sbj13_Time3",3,13,0,-8.18,-8.42,39,54,31,95,38,122,119,37,43,122,160,93,83,71,38,58,45,46,69,78
"Sbj13_Time4",4,13,0,-8.18,-8.42,45,53,32,102,46,102,134,29,42,115,152,99,69,84,59,53,38,27,54,97
"Sbj13_Time5",5,13,0,-8.18,-8.42,31,38,45,101,48,104,107,56,16,89,156,113,85,87,71,69,30,42,49,85
"Sbj13_Time6",6,13,0,-8.18,-8.42,28,44,39,90,37,134,110,22,54,110,143,81,111,62,45,59,49,45,58,64
"Sbj13_Time7",7,13,0,-8.18,-8.42,21,50,59,96,39,104,97,25,23,124,146,55,101,78,69,60,47,40,48,81
"Sbj13_Time8",8,13,0,-8.18,-8.42,13,42,34,88,27,106,112,58,29,110,146,71,81,79,65,62,40,25,51,57
"Sbj13_Time9",9,13,0,-8.18,-8.42,22,66,46,104,36,112,126,25,60,128,135,78,86,78,57,68,36,33,48,82
"Sbj14_Time1",1,14,0,-7.18,2.58,87,140,19,136,69,27,70,78,86,105,62,137,66,124,99,57,40,81,78,81
"Sbj14_Time10",10,14,0,-7.18,2.58,43,62,126,47,56,69,93,35,108,78,146,53,58,130,77,73,111,105,28,79
"Sbj14_Time2",2,14,0,-7.18,2.58,50,60,125,51,80,95,76,55,101,57,118,65,68,164,84,96,132,104,53,98
"Sbj14_Time3",3,14,0,-7.18,2.58,35,59,133,43,72,90,91,50,121,78,133,66,61,125,107,111,111,106,26,85
"Sbj14_Time4",4,14,0,-7.18,2.58,38,72,115,42,85,102,100,58,126,69,139,59,85,133,96,111,122,96,34,95
"Sbj14_Time5",5,14,0,-7.18,2.58,46,54,103,69,83,92,82,60,101,79,111,53,95,134,104,90,102,115,19,69
"Sbj14_Time6",6,14,0,-7.18,2.58,31,63,121,55,68,99,92,46,118,59,133,46,55,145,74,93,125,100,33,88
"Sbj14_Time7",7,14,0,-7.18,2.58,45,56,136,40,57,85,88,44,107,58,132,73,76,128,89,91,118,93,29,71
"Sbj14_Time8",8,14,0,-7.18,2.58,52,46,121,42,80,87,72,70,119,65,139,58,66,146,90,97,129,81,44,86
"Sbj14_Time9",9,14,0,-7.18,2.58,23,62,153,39,45,100,72,60,97,86,125,36,60,146,76,87,130,95,60,83
"Sbj15_Time1",1,15,0,-4.18,-1.42,92,108,128,123,79,149,33,49,22,65,79,119,110,138,35,54,40,81,125,79
"Sbj15_Time10",10,15,0,-4.18,-1.42,18,125,64,90,62,125,47,10,51,47,152,123,131,96,74,145,33,112,83,125
"Sbj15_Time2",2,15,0,-4.18,-1.42,39,100,65,86,60,104,34,39,19,51,155,91,113,90,65,105,44,110,84,122
"Sbj15_Time3",3,15,0,-4.18,-1.42,24,100,88,93,59,97,19,34,52,59,172,107,141,89,79,132,52,113,55,141
"Sbj15_Time4",4,15,0,-4.18,-1.42,53,116,87,84,74,102,30,22,38,56,140,98,116,95,91,122,50,123,74,100
"Sbj15_Time5",5,15,0,-4.18,-1.42,55,117,82,93,74,117,48,42,54,78,145,98,125,88,82,121,30,132,78,117
"Sbj15_Time6",6,15,0,-4.18,-1.42,30,107,80,86,56,110,36,17,35,63,155,85,131,75,78,133,67,96,75,135
"Sbj15_Time7",7,15,0,-4.18,-1.42,36,125,83,83,59,98,42,49,35,46,159,110,139,85,84,117,48,136,77,113
"Sbj15_Time8",8,15,0,-4.18,-1.42,42,128,80,91,63,100,47,34,39,69,149,71,115,92,57,140,61,112,75,121
"Sbj15_Time9",9,15,0,-4.18,-1.42,30,101,72,84,72,106,33,28,52,56,135,101,130,88,79,137,44,100,61,110
"Sbj16_Time1",1,16,1,2.82,2.58,91,70,66,84,45,50,73,50,99,66,240,190,209,199,153,60,47,27,130,98
"Sbj16_Time10",10,16,1,2.82,2.58,53,126,125,96,17,38,55,31,50,81,186,206,158,140,184,129,109,103,107,63
"Sbj16_Time2",2,16,1,2.82,2.58,44,134,110,100,40,61,105,50,53,42,165,206,184,174,190,130,113,116,127,51
"Sbj16_Time3",3,16,1,2.82,2.58,36,134,85,105,29,38,71,45,49,67,208,201,183,159,165,131,104,90,116,60
"Sbj16_Time4",4,16,1,2.82,2.58,40,108,104,98,16,54,66,39,73,67,204,204,186,166,171,137,121,83,127,66
"Sbj16_Time5",5,16,1,2.82,2.58,62,116,107,109,22,55,73,16,57,70,196,205,180,161,190,129,104,105,118,43
"Sbj16_Time6",6,16,1,2.82,2.58,43,134,113,88,20,46,107,39,76,80,195,216,180,157,162,133,97,93,120,57
"Sbj16_Time7",7,16,1,2.82,2.58,50,119,134,103,44,25,82,30,48,72,160,202,177,174,148,128,103,91,126,61
"Sbj16_Time8",8,16,1,2.82,2.58,10,126,115,98,47,43,68,65,55,40,168,188,173,133,168,120,114,82,120,49
"Sbj16_Time9",9,16,1,2.82,2.58,50,111,88,102,46,48,62,38,65,55,202,212,179,149,169,141,112,98,125,48
"Sbj17_Time1",1,17,1,-6.18,-6.42,72,67,51,53,97,37,81,102,45,85,157,223,132,202,203,100,113,129,144,104
"Sbj17_Time10",10,17,1,-6.18,-6.42,51,99,94,69,102,75,126,74,110,147,193,131,183,204,175,56,55,54,46,121
"Sbj17_Time2",2,17,1,-6.18,-6.42,56,66,90,80,104,85,112,84,91,129,188,121,169,237,167,50,36,46,38,104
"Sbj17_Time3",3,17,1,-6.18,-6.42,40,77,72,85,75,76,100,104,139,126,185,112,185,231,156,49,48,59,56,92
"Sbj17_Time4",4,17,1,-6.18,-6.42,45,80,82,93,100,65,119,83,118,148,174,120,148,220,160,50,35,65,55,98
"Sbj17_Time5",5,17,1,-6.18,-6.42,45,74,74,81,116,93,116,88,101,136,186,131,146,202,154,62,41,70,71,107
"Sbj17_Time6",6,17,1,-6.18,-6.42,63,61,87,90,72,73,131,90,111,141,182,117,180,188,179,68,52,58,46,119
"Sbj17_Time7",7,17,1,-6.18,-6.42,36,74,77,67,78,75,135,87,132,125,167,130,154,234,162,37,38,75,61,99
"Sbj17_Time8",8,17,1,-6.18,-6.42,41,85,79,65,81,61,130,96,128,143,172,136,192,238,174,54,32,60,40,123
"Sbj17_Time9",9,17,1,-6.18,-6.42,47,84,79,89,109,75,110,86,108,120,164,99,175,220,178,55,52,55,72,105
"Sbj18_Time1",1,18,1,-7.18,-0.420000000000002,76,63,129,47,56,131,118,66,121,117,155,166,168,153,185,118,118,106,52,26
"Sbj18_Time10",10,18,1,-7.18,-0.420000000000002,129,83,77,114,103,91,65,28,55,79,164,145,178,161,201,74,121,71,43,41
"Sbj18_Time2",2,18,1,-7.18,-0.420000000000002,113,93,74,120,94,63,57,33,79,106,197,146,179,183,194,91,135,67,38,61
"Sbj18_Time3",3,18,1,-7.18,-0.420000000000002,132,98,69,110,110,95,38,27,56,86,167,124,195,169,205,60,117,62,35,38
"Sbj18_Time4",4,18,1,-7.18,-0.420000000000002,114,92,91,115,93,76,58,30,70,76,158,149,189,167,223,77,138,67,40,64
"Sbj18_Time5",5,18,1,-7.18,-0.420000000000002,105,95,59,108,104,95,64,28,69,76,159,162,196,177,238,64,110,78,28,41
"Sbj18_Time6",6,18,1,-7.18,-0.420000000000002,110,101,83,112,109,80,67,38,69,95,163,139,174,165,223,87,123,89,26,52
"Sbj18_Time7",7,18,1,-7.18,-0.420000000000002,115,71,72,112,102,80,38,36,61,80,190,148,167,191,206,77,109,84,20,57
"Sbj18_Time8",8,18,1,-7.18,-0.420000000000002,112,88,82,118,99,78,54,25,69,70,179,138,169,159,210,65,121,65,29,33
"Sbj18_Time9",9,18,1,-7.18,-0.420000000000002,109,81,74,108,107,71,70,42,73,85,158,122,185,178,229,81,121,80,28,37
"Sbj19_Time1",1,19,1,-8.18,4.58,124,37,127,84,90,37,121,120,44,61,226,166,144,232,134,68,106,61,36,135
"Sbj19_Time10",10,19,1,-8.18,4.58,104,55,69,82,84,105,106,31,67,86,137,176,187,223,184,104,35,69,46,65
"Sbj19_Time2",2,19,1,-8.18,4.58,97,61,84,104,82,130,118,37,61,94,146,167,201,207,172,104,31,52,23,46
"Sbj19_Time3",3,19,1,-8.18,4.58,79,61,81,102,84,113,121,35,52,108,132,149,187,227,170,113,41,66,23,53
"Sbj19_Time4",4,19,1,-8.18,4.58,104,59,85,85,94,123,115,21,69,78,141,161,234,207,172,107,59,74,26,48
"Sbj19_Time5",5,19,1,-8.18,4.58,103,66,68,95,74,105,138,41,86,104,131,140,195,235,191,113,19,49,23,49
"Sbj19_Time6",6,19,1,-8.18,4.58,103,61,86,101,95,101,114,33,60,94,146,155,212,219,183,94,25,76,16,56
"Sbj19_Time7",7,19,1,-8.18,4.58,97,76,86,109,74,111,132,26,64,108,147,163,229,205,198,110,39,68,21,65
"Sbj19_Time8",8,19,1,-8.18,4.58,100,65,64,90,85,123,112,41,72,93,145,169,183,220,173,121,33,59,38,63
"Sbj19_Time9",9,19,1,-8.18,4.58,87,53,73,92,82,118,116,42,61,86,134,160,185,238,182,108,31,56,30,68
"Sbj2_Time1",1,2,0,4.82,6.58,114,92,107,104,18,111,48,91,111,58,106,69,87,72,47,58,30,88,31,68
"Sbj2_Time10",10,2,0,4.82,6.58,104,15,41,31,52,35,59,25,33,64,113,83,106,107,41,109,73,40,49,48
"Sbj2_Time2",2,2,0,4.82,6.58,93,28,54,57,43,44,44,39,39,76,136,94,131,140,65,129,45,40,60,49
"Sbj2_Time3",3,2,0,4.82,6.58,93,43,27,34,39,49,39,35,38,90,151,120,109,128,60,124,51,50,44,45
"Sbj2_Time4",4,2,0,4.82,6.58,93,32,45,44,53,44,45,35,24,68,127,100,124,111,63,131,73,39,51,58
"Sbj2_Time5",5,2,0,4.82,6.58,105,38,37,22,46,37,44,23,41,73,120,95,118,95,51,127,56,37,41,52
"Sbj2_Time6",6,2,0,4.82,6.58,97,31,31,41,41,31,42,41,51,86,122,107,129,102,80,112,37,36,34,70
"Sbj2_Time7",7,2,0,4.82,6.58,96,30,29,40,37,46,47,27,48,63,125,115,145,109,41,123,56,43,33,64
"Sbj2_Time8",8,2,0,4.82,6.58,78,22,40,55,25,49,65,25,42,66,120,109,147,120,68,139,42,43,32,42
"Sbj2_Time9",9,2,0,4.82,6.58,110,46,40,57,52,54,54,48,47,87,122,97,132,95,58,116,52,65,50,52
"Sbj20_Time1",1,20,1,-13.18,3.58,118,115,43,64,84,111,66,99,50,136,206,222,136,224,189,72,37,85,69,88
"Sbj20_Time10",10,20,1,-13.18,3.58,81,38,53,87,28,121,102,80,89,84,154,182,160,121,143,65,41,63,108,97
"Sbj20_Time2",2,20,1,-13.18,3.58,73,44,32,80,23,130,89,57,109,102,148,182,157,132,134,69,35,68,110,89
"Sbj20_Time3",3,20,1,-13.18,3.58,68,55,52,72,31,133,112,61,117,102,145,171,155,101,187,63,25,81,110,113
"Sbj20_Time4",4,20,1,-13.18,3.58,85,44,35,82,42,111,111,66,103,95,140,198,152,127,175,68,12,70,104,105
"Sbj20_Time5",5,20,1,-13.18,3.58,70,49,39,81,41,120,118,74,104,105,124,171,171,142,167,76,27,67,90,102
"Sbj20_Time6",6,20,1,-13.18,3.58,90,64,40,80,62,122,130,52,82,83,122,167,147,111,174,85,35,75,109,88
"Sbj20_Time7",7,20,1,-13.18,3.58,93,44,49,77,38,123,120,81,86,82,141,165,156,128,133,78,49,66,133,87
"Sbj20_Time8",8,20,1,-13.18,3.58,98,50,49,92,31,120,114,65,93,90,129,159,165,126,168,71,48,46,109,119
"Sbj20_Time9",9,20,1,-13.18,3.58,74,53,35,79,29,119,95,73,92,81,137,180,173,114,168,49,34,54,112,83
"Sbj21_Time1",1,21,0,-2.18,0.579999999999998,99,34,40,130,51,76,84,110,114,22,133,133,32,101,111,87,47,95,48,141
"Sbj21_Time10",10,21,0,-2.18,0.579999999999998,21,40,55,62,104,112,114,79,131,125,116,60,86,145,45,118,112,140,141,116
"Sbj21_Time2",2,21,0,-2.18,0.579999999999998,39,37,52,70,97,137,127,80,124,120,105,68,53,129,53,110,115,141,129,117
"Sbj21_Time3",3,21,0,-2.18,0.579999999999998,35,29,65,75,90,128,124,78,122,144,112,64,90,149,35,109,130,144,140,98
"Sbj21_Time4",4,21,0,-2.18,0.579999999999998,27,51,65,52,99,125,134,79,123,129,128,54,64,158,38,127,126,138,156,92
"Sbj21_Time5",5,21,0,-2.18,0.579999999999998,27,56,67,67,99,126,139,88,118,126,117,44,85,166,60,98,144,134,132,105
"Sbj21_Time6",6,21,0,-2.18,0.579999999999998,37,80,51,52,82,130,130,82,123,148,129,44,84,132,63,122,119,140,137,106
"Sbj21_Time7",7,21,0,-2.18,0.579999999999998,27,58,55,63,103,111,120,76,137,134,108,50,63,167,57,132,123,132,125,112
"Sbj21_Time8",8,21,0,-2.18,0.579999999999998,42,52,70,62,97,150,126,76,125,123,128,44,58,146,50,116,122,148,129,105
"Sbj21_Time9",9,21,0,-2.18,0.579999999999998,38,38,70,67,106,125,110,77,106,137,106,54,71,163,32,114,119,144,112,111
"Sbj22_Time1",1,22,0,5.82,6.58,116,61,77,67,85,46,110,101,55,89,50,76,85,43,72,120,66,67,17,66
"Sbj22_Time10",10,22,0,5.82,6.58,44,69,120,22,67,92,129,125,65,112,128,57,54,62,24,107,46,49,34,118
"Sbj22_Time2",2,22,0,5.82,6.58,53,75,94,23,94,82,142,122,90,120,109,71,65,70,54,144,38,73,52,106
"Sbj22_Time3",3,22,0,5.82,6.58,11,84,105,48,70,89,132,124,89,113,97,55,83,79,45,142,37,59,18,95
"Sbj22_Time4",4,22,0,5.82,6.58,30,66,88,21,88,110,122,116,73,134,110,25,78,81,35,126,28,47,19,107
"Sbj22_Time5",5,22,0,5.82,6.58,29,98,98,20,91,94,133,114,92,120,125,60,74,66,36,111,55,72,30,100
"Sbj22_Time6",6,22,0,5.82,6.58,25,80,97,44,76,89,115,114,78,121,112,53,61,87,27,128,22,58,38,118
"Sbj22_Time7",7,22,0,5.82,6.58,47,80,118,37,74,113,142,131,84,122,120,74,85,94,51,105,27,51,26,102
"Sbj22_Time8",8,22,0,5.82,6.58,25,79,108,45,89,78,131,124,91,136,141,43,81,91,34,126,51,61,47,107
"Sbj22_Time9",9,22,0,5.82,6.58,22,61,89,38,77,101,119,133,98,106,120,46,77,70,42,130,52,61,48,128
"Sbj23_Time1",1,23,0,-6.18,6.58,73,97,89,79,61,42,42,70,39,86,76,128,154,75,133,129,96,87,109,97
"Sbj23_Time10",10,23,0,-6.18,6.58,67,126,89,103,52,108,118,40,100,57,42,78,68,48,33,43,53,74,71,89
"Sbj23_Time2",2,23,0,-6.18,6.58,39,124,91,99,20,99,122,44,85,55,57,86,57,61,49,48,65,81,95,95
"Sbj23_Time3",3,23,0,-6.18,6.58,40,121,96,113,16,80,136,39,110,71,31,74,62,68,59,39,57,72,79,99
"Sbj23_Time4",4,23,0,-6.18,6.58,53,117,106,108,29,91,146,42,94,67,47,74,63,86,48,53,69,60,84,107
"Sbj23_Time5",5,23,0,-6.18,6.58,51,128,89,102,50,100,122,52,89,56,65,53,69,75,68,48,67,74,109,101
"Sbj23_Time6",6,23,0,-6.18,6.58,63,136,109,111,40,100,120,51,95,56,66,64,77,67,47,56,34,84,66,88
"Sbj23_Time7",7,23,0,-6.18,6.58,39,115,108,90,27,108,127,40,97,54,52,96,68,64,50,53,57,57,68,95
"Sbj23_Time8",8,23,0,-6.18,6.58,52,127,89,99,25,99,122,39,100,39,58,68,39,52,46,47,46,59,64,115
"Sbj23_Time9",9,23,0,-6.18,6.58,52,118,99,92,42,114,124,29,103,69,47,81,64,64,50,58,66,86,47,97
"Sbj24_Time1",1,24,0,11.82,-7.42,104,40,120,77,124,74,80,44,25,48,115,135,69,81,126,54,95,26,82,104
"Sbj24_Time10",10,24,0,11.82,-7.42,55,60,79,53,40,38,104,93,69,132,155,54,119,139,144,33,79,93,28,86
"Sbj24_Time2",2,24,0,11.82,-7.42,58,81,76,46,25,33,104,93,52,142,161,31,100,125,114,26,94,93,28,88
"Sbj24_Time3",3,24,0,11.82,-7.42,59,93,75,61,54,39,111,86,69,132,150,40,115,141,147,44,82,96,38,90
"Sbj24_Time4",4,24,0,11.82,-7.42,48,59,85,50,26,45,117,96,48,126,161,27,114,124,134,33,107,101,40,78
"Sbj24_Time5",5,24,0,11.82,-7.42,58,56,86,51,29,30,105,120,67,114,147,39,103,122,126,42,90,93,21,101
"Sbj24_Time6",6,24,0,11.82,-7.42,62,59,55,47,40,54,94,98,60,113,148,50,108,144,121,26,93,117,37,87
"Sbj24_Time7",7,24,0,11.82,-7.42,56,67,66,48,49,37,112,87,60,120,156,38,134,154,119,40,96,79,52,86
"Sbj24_Time8",8,24,0,11.82,-7.42,72,63,87,57,39,42,119,97,73,131,147,32,120,128,131,28,106,88,21,86
"Sbj24_Time9",9,24,0,11.82,-7.42,53,71,71,44,47,32,84,81,67,111,153,42,104,123,132,39,106,102,16,105
"Sbj25_Time1",1,25,0,-2.18,-0.420000000000002,106,39,37,101,79,75,36,128,37,84,158,67,100,98,98,111,116,76,48,71
"Sbj25_Time10",10,25,0,-2.18,-0.420000000000002,112,96,106,41,43,86,105,115,55,82,152,61,77,31,110,78,99,33,101,36
"Sbj25_Time2",2,25,0,-2.18,-0.420000000000002,122,81,87,32,33,96,107,109,56,98,141,86,71,41,119,54,88,26,88,13
"Sbj25_Time3",3,25,0,-2.18,-0.420000000000002,117,78,94,54,49,90,111,121,53,96,142,73,72,58,113,64,82,36,98,41
"Sbj25_Time4",4,25,0,-2.18,-0.420000000000002,99,57,95,45,49,86,123,105,59,72,127,56,67,82,124,43,103,32,102,35
"Sbj25_Time5",5,25,0,-2.18,-0.420000000000002,117,77,85,39,49,88,130,103,58,76,155,72,68,57,114,53,112,39,93,27
"Sbj25_Time6",6,25,0,-2.18,-0.420000000000002,120,79,105,39,52,87,117,115,54,80,154,72,57,54,121,49,96,49,99,35
"Sbj25_Time7",7,25,0,-2.18,-0.420000000000002,130,78,103,41,60,107,106,122,67,77,155,72,81,45,129,74,110,53,92,57
"Sbj25_Time8",8,25,0,-2.18,-0.420000000000002,117,62,102,56,57,91,119,93,56,91,183,55,97,56,125,69,94,30,84,47
"Sbj25_Time9",9,25,0,-2.18,-0.420000000000002,123,77,95,29,14,104,101,101,60,65,132,78,87,53,122,50,102,50,109,23
"Sbj26_Time1",1,26,1,-11.18,-5.42,133,102,130,37,95,116,71,99,128,67,127,194,186,203,177,97,105,117,115,34
"Sbj26_Time10",10,26,1,-11.18,-5.42,93,110,89,44,75,62,104,34,21,127,221,156,166,157,114,68,16,73,74,132
"Sbj26_Time2",2,26,1,-11.18,-5.42,126,117,81,58,81,63,119,47,26,130,206,166,153,146,121,69,37,76,46,122
"Sbj26_Time3",3,26,1,-11.18,-5.42,100,123,63,44,84,46,118,46,26,120,237,158,148,120,140,78,35,69,63,104
"Sbj26_Time4",4,26,1,-11.18,-5.42,108,110,72,54,65,31,139,42,44,134,218,160,155,168,111,71,32,60,67,104
"Sbj26_Time5",5,26,1,-11.18,-5.42,66,105,72,43,61,52,114,38,12,138,233,175,169,155,98,70,40,82,64,102
"Sbj26_Time6",6,26,1,-11.18,-5.42,90,121,75,37,94,52,127,58,54,127,240,151,145,149,123,56,31,76,67,127
"Sbj26_Time7",7,26,1,-11.18,-5.42,97,98,73,49,80,41,116,52,37,146,230,170,150,124,136,69,44,64,49,104
"Sbj26_Time8",8,26,1,-11.18,-5.42,99,130,85,32,71,51,119,39,35,136,214,165,169,133,133,63,26,79,60,107
"Sbj26_Time9",9,26,1,-11.18,-5.42,108,96,70,53,81,62,109,35,59,122,224,159,145,165,132,81,21,72,64,124
"Sbj27_Time1",1,27,1,-5.18,-1.42,67,71,115,67,114,66,75,45,60,90,220,221,154,141,187,52,78,113,44,45
"Sbj27_Time10",10,27,1,-5.18,-1.42,26,138,66,76,68,99,112,45,93,91,213,163,156,208,210,102,111,109,36,83
"Sbj27_Time2",2,27,1,-5.18,-1.42,24,145,73,51,73,108,142,44,88,95,207,161,165,183,198,86,115,97,45,90
"Sbj27_Time3",3,27,1,-5.18,-1.42,45,132,67,64,67,104,113,45,69,110,217,160,145,182,219,99,112,71,68,82
"Sbj27_Time4",4,27,1,-5.18,-1.42,26,145,75,81,52,111,125,67,99,94,209,173,153,189,187,96,116,93,53,99
"Sbj27_Time5",5,27,1,-5.18,-1.42,26,138,82,54,91,113,123,34,89,89,228,160,169,192,202,74,112,102,41,93
"Sbj27_Time6",6,27,1,-5.18,-1.42,47,136,80,47,64,81,115,46,85,96,222,140,155,197,179,87,98,88,57,106
"Sbj27_Time7",7,27,1,-5.18,-1.42,41,148,55,74,53,127,127,37,91,113,195,149,148,190,218,95,116,91,35,94
"Sbj27_Time8",8,27,1,-5.18,-1.42,22,128,66,62,71,110,104,64,83,104,222,172,171,206,207,96,102,91,48,66
"Sbj27_Time9",9,27,1,-5.18,-1.42,34,136,77,74,71,112,130,38,88,87,214,165,157,196,192,107,113,84,60,94
"Sbj28_Time1",1,28,1,-0.18,1.58,46,40,91,52,27,121,104,92,101,124,215,143,169,130,142,42,95,115,34,62
"Sbj28_Time10",10,28,1,-0.18,1.58,29,96,57,87,74,64,142,120,44,51,141,154,163,232,166,28,40,63,41,39
"Sbj28_Time2",2,28,1,-0.18,1.58,34,112,38,68,65,78,125,116,38,49,143,139,176,229,154,42,28,53,40,29
"Sbj28_Time3",3,28,1,-0.18,1.58,17,91,55,78,76,47,133,113,23,48,162,146,158,191,163,50,28,39,47,21
"Sbj28_Time4",4,28,1,-0.18,1.58,26,94,39,69,54,76,130,137,43,44,139,144,182,193,157,54,26,53,45,70
"Sbj28_Time5",5,28,1,-0.18,1.58,51,102,52,67,67,71,121,146,16,53,141,145,166,199,157,29,50,51,40,47
"Sbj28_Time6",6,28,1,-0.18,1.58,18,109,53,96,61,62,138,123,30,45,134,149,173,210,172,32,34,46,49,52
"Sbj28_Time7",7,28,1,-0.18,1.58,29,109,56,84,66,103,130,131,28,65,155,149,171,214,156,18,59,56,59,47
"Sbj28_Time8",8,28,1,-0.18,1.58,31,92,53,72,71,73,135,98,37,61,152,154,188,206,151,22,30,44,48,37
"Sbj28_Time9",9,28,1,-0.18,1.58,32,98,60,96,56,60,145,134,54,56,135,132,164,226,143,35,19,45,57,58
"Sbj29_Time1",1,29,1,-1.18,-3.42,30,79,71,87,142,114,117,56,100,47,173,159,108,152,160,117,83,40,57,68
"Sbj29_Time10",10,29,1,-1.18,-3.42,51,120,138,78,57,46,93,88,86,146,206,118,236,155,184,123,46,56,53,96
"Sbj29_Time2",2,29,1,-1.18,-3.42,24,120,137,79,57,36,98,119,120,131,212,133,223,169,179,122,76,58,65,92
"Sbj29_Time3",3,29,1,-1.18,-3.42,50,107,123,74,64,51,62,107,116,128,214,146,220,165,184,122,67,49,64,98
"Sbj29_Time4",4,29,1,-1.18,-3.42,25,132,145,80,70,39,82,108,119,148,212,120,216,141,193,130,46,41,68,94
"Sbj29_Time5",5,29,1,-1.18,-3.42,26,117,145,63,55,34,75,106,108,116,200,113,220,176,220,130,59,56,57,104
"Sbj29_Time6",6,29,1,-1.18,-3.42,38,130,112,70,55,49,80,99,103,121,203,98,203,187,174,123,51,53,82,97
"Sbj29_Time7",7,29,1,-1.18,-3.42,11,126,146,70,51,43,99,121,113,136,191,138,213,175,193,133,70,56,69,95
"Sbj29_Time8",8,29,1,-1.18,-3.42,22,120,142,66,60,54,95,92,103,132,213,125,205,179,197,137,61,40,75,85
"Sbj29_Time9",9,29,1,-1.18,-3.42,39,120,113,67,66,52,116,102,111,112,208,127,231,178,200,128,50,47,49,101
"Sbj3_Time1",1,3,0,1.82,1.58,84,67,73,60,34,119,117,55,67,95,127,119,41,121,148,44,95,93,57,91
"Sbj3_Time10",10,3,0,1.82,1.58,74,65,81,50,94,126,133,101,119,42,75,51,50,75,66,116,34,77,94,41
"Sbj3_Time2",2,3,0,1.82,1.58,54,53,77,52,102,132,141,86,111,76,85,41,44,81,50,124,46,101,95,55
"Sbj3_Time3",3,3,0,1.82,1.58,44,63,69,89,102,138,147,79,111,41,94,51,67,81,59,122,30,89,108,56
"Sbj3_Time4",4,3,0,1.82,1.58,71,68,75,87,102,138,124,89,123,57,108,42,45,100,49,125,44,95,90,58
"Sbj3_Time5",5,3,0,1.82,1.58,52,68,70,77,99,123,138,77,108,51,92,26,72,85,45,127,33,66,88,43
"Sbj3_Time6",6,3,0,1.82,1.58,59,54,72,54,87,128,131,90,112,48,91,16,52,86,57,135,41,72,92,52
"Sbj3_Time7",7,3,0,1.82,1.58,70,62,88,88,99,122,120,94,90,60,98,49,56,82,65,130,23,61,90,53
"Sbj3_Time8",8,3,0,1.82,1.58,78,72,73,72,120,132,133,82,114,59,96,40,47,80,61,102,37,104,108,57
"Sbj3_Time9",9,3,0,1.82,1.58,64,59,90,79,129,118,142,63,88,52,86,63,54,114,51,109,32,95,96,63
"Sbj30_Time1",1,30,1,5.82,-0.420000000000002,116,111,75,65,61,122,98,91,121,116,195,201,144,141,183,127,44,108,116,94
"Sbj30_Time10",10,30,1,5.82,-0.420000000000002,29,76,105,48,62,53,118,31,43,65,184,119,132,218,192,50,132,81,42,83
"Sbj30_Time2",2,30,1,5.82,-0.420000000000002,45,80,112,52,83,62,108,52,40,75,199,115,128,223,200,49,122,100,53,77
"Sbj30_Time3",3,30,1,5.82,-0.420000000000002,33,78,103,62,49,45,120,37,35,72,205,132,115,230,208,45,115,73,42,81
"Sbj30_Time4",4,30,1,5.82,-0.420000000000002,40,68,97,65,71,63,131,61,49,67,185,128,111,224,215,67,120,101,42,79
"Sbj30_Time5",5,30,1,5.82,-0.420000000000002,36,79,76,55,57,57,110,23,54,53,191,134,120,235,200,36,130,70,55,92
"Sbj30_Time6",6,30,1,5.82,-0.420000000000002,31,72,90,79,38,46,103,54,45,66,223,86,120,213,181,31,119,78,52,90
"Sbj30_Time7",7,30,1,5.82,-0.420000000000002,21,68,113,47,66,40,120,44,51,78,195,107,131,218,214,35,146,84,47,95
"Sbj30_Time8",8,30,1,5.82,-0.420000000000002,58,91,97,43,58,71,104,35,43,63,205,121,124,242,215,41,124,105,41,102
"Sbj30_Time9",9,30,1,5.82,-0.420000000000002,50,62,104,56,40,59,136,48,31,59,206,117,113,234,176,58,130,103,48,101
"Sbj31_Time1",1,31,0,-4.18,-4.42,41,21,63,125,113,82,85,74,112,59,86,96,77,39,115,31,88,72,60,96
"Sbj31_Time10",10,31,0,-4.18,-4.42,123,37,50,109,103,98,47,62,44,84,145,103,87,80,67,69,49,92,72,35
"Sbj31_Time2",2,31,0,-4.18,-4.42,116,44,50,95,100,90,21,67,42,75,131,111,103,79,97,67,54,90,63,37
"Sbj31_Time3",3,31,0,-4.18,-4.42,136,35,30,82,117,108,37,64,31,79,131,86,92,76,90,78,93,101,59,30
"Sbj31_Time4",4,31,0,-4.18,-4.42,121,35,43,91,123,84,31,51,33,86,154,131,89,67,79,37,62,97,67,26
"Sbj31_Time5",5,31,0,-4.18,-4.42,118,30,29,81,90,91,32,74,37,81,138,157,98,91,115,60,74,115,56,28
"Sbj31_Time6",6,31,0,-4.18,-4.42,83,53,46,87,94,90,50,63,66,80,175,127,109,99,70,44,59,107,76,39
"Sbj31_Time7",7,31,0,-4.18,-4.42,113,43,36,104,123,86,49,64,46,99,165,134,105,86,100,96,48,104,64,39
"Sbj31_Time8",8,31,0,-4.18,-4.42,109,40,30,101,99,96,49,51,46,76,125,117,98,88,79,56,52,98,55,28
"Sbj31_Time9",9,31,0,-4.18,-4.42,102,29,29,67,97,80,36,68,31,91,151,104,93,82,78,65,60,125,66,30
"Sbj32_Time1",1,32,0,8.82,5.58,116,32,75,74,62,42,71,78,50,88,120,91,138,94,90,75,30,96,109,41
"Sbj32_Time10",10,32,0,8.82,5.58,55,78,100,54,121,67,46,54,43,62,145,66,77,127,80,49,72,134,25,85
"Sbj32_Time2",2,32,0,8.82,5.58,61,83,66,42,123,65,43,46,50,53,136,73,55,97,95,59,83,139,31,115
"Sbj32_Time3",3,32,0,8.82,5.58,56,84,66,40,116,97,66,29,49,52,124,77,30,105,71,60,71,139,36,121
"Sbj32_Time4",4,32,0,8.82,5.58,55,76,81,62,117,91,45,45,58,49,131,85,39,112,81,61,83,151,34,132
"Sbj32_Time5",5,32,0,8.82,5.58,55,85,84,63,105,64,64,47,46,53,146,73,52,118,72,74,72,124,30,122
"Sbj32_Time6",6,32,0,8.82,5.58,54,76,70,43,118,88,59,56,61,51,114,65,35,113,90,59,69,140,30,118
"Sbj32_Time7",7,32,0,8.82,5.58,73,77,67,45,88,80,70,55,58,53,114,89,37,125,78,71,90,139,24,107
"Sbj32_Time8",8,32,0,8.82,5.58,43,86,74,40,124,99,74,45,59,58,130,82,52,132,80,96,77,118,35,93
"Sbj32_Time9",9,32,0,8.82,5.58,54,104,84,49,100,110,55,37,47,51,133,61,75,110,58,69,64,127,28,125
"Sbj33_Time1",1,33,0,1.82,7.58,109,37,20,37,116,77,119,51,86,72,76,44,124,129,127,78,48,114,34,20
"Sbj33_Time10",10,33,0,1.82,7.58,123,47,97,95,60,50,77,95,35,105,92,71,33,52,35,59,80,38,122,37
"Sbj33_Time2",2,33,0,1.82,7.58,117,32,97,117,76,48,68,74,33,80,75,69,39,43,48,42,95,24,113,45
"Sbj33_Time3",3,33,0,1.82,7.58,139,30,93,90,82,44,85,82,25,96,89,107,37,36,55,46,71,39,110,44
"Sbj33_Time4",4,33,0,1.82,7.58,125,19,92,108,64,52,72,94,43,94,110,85,56,45,66,10,66,24,121,31
"Sbj33_Time5",5,33,0,1.82,7.58,119,40,76,96,77,50,75,92,21,97,88,61,38,49,58,30,72,42,118,39
"Sbj33_Time6",6,33,0,1.82,7.58,137,59,98,90,78,41,67,71,47,104,90,100,54,55,64,46,87,29,120,58
"Sbj33_Time7",7,33,0,1.82,7.58,141,34,108,108,67,62,69,93,22,107,77,89,54,56,53,32,72,28,125,57
"Sbj33_Time8",8,33,0,1.82,7.58,139,37,91,101,95,42,93,85,46,100,92,93,57,38,49,24,84,21,107,40
"Sbj33_Time9",9,33,0,1.82,7.58,112,36,82,85,77,19,53,89,31,99,80,95,36,59,47,40,73,31,117,27
"Sbj34_Time1",1,34,0,1.82,7.58,87,117,50,90,45,54,146,88,51,118,126,133,78,86,120,89,119,82,49,13
"Sbj34_Time10",10,34,0,1.82,7.58,20,63,61,34,84,67,88,81,119,97,70,39,103,96,128,136,52,53,78,97
"Sbj34_Time2",2,34,0,1.82,7.58,54,62,49,52,89,66,83,72,95,90,73,28,116,109,130,141,66,56,76,65
"Sbj34_Time3",3,34,0,1.82,7.58,31,45,42,35,84,62,85,76,116,100,63,44,115,111,116,121,73,83,81,79
"Sbj34_Time4",4,34,0,1.82,7.58,35,72,48,38,85,45,71,75,131,101,59,54,121,108,123,125,57,64,77,108
"Sbj34_Time5",5,34,0,1.82,7.58,50,71,62,0,63,66,97,66,126,109,89,45,107,107,125,111,57,66,82,88
"Sbj34_Time6",6,34,0,1.82,7.58,49,54,43,40,76,68,99,83,131,95,86,61,122,101,113,116,60,71,87,78
"Sbj34_Time7",7,34,0,1.82,7.58,30,63,54,37,64,46,90,87,129,105,68,58,127,92,134,138,76,66,74,95
"Sbj34_Time8",8,34,0,1.82,7.58,42,61,65,46,63,43,80,88,109,106,84,43,103,125,123,125,72,48,65,85
"Sbj34_Time9",9,34,0,1.82,7.58,21,62,76,39,76,49,84,80,123,107,93,62,127,110,109,119,60,68,82,78
"Sbj35_Time1",1,35,0,-12.18,-4.42,107,50,116,126,48,111,84,99,63,54,31,133,55,72,98,109,121,80,84,118
"Sbj35_Time10",10,35,0,-12.18,-4.42,47,63,69,53,12,132,111,111,45,89,73,37,62,122,37,100,131,109,60,133
"Sbj35_Time2",2,35,0,-12.18,-4.42,47,42,67,45,34,134,102,96,59,101,63,49,70,123,45,90,132,94,65,131
"Sbj35_Time3",3,35,0,-12.18,-4.42,20,62,87,50,38,130,112,103,53,95,97,45,77,122,28,88,112,98,51,129
"Sbj35_Time4",4,35,0,-12.18,-4.42,41,40,81,57,36,137,109,101,65,97,72,38,57,126,48,83,131,80,64,130
"Sbj35_Time5",5,35,0,-12.18,-4.42,43,40,66,48,54,113,101,122,43,93,76,55,57,104,67,108,129,92,72,127
"Sbj35_Time6",6,35,0,-12.18,-4.42,48,41,66,40,40,128,120,108,53,111,82,42,64,117,51,97,116,106,61,134
"Sbj35_Time7",7,35,0,-12.18,-4.42,20,52,93,75,28,106,107,106,55,88,76,62,73,125,52,112,118,91,66,131
"Sbj35_Time8",8,35,0,-12.18,-4.42,27,42,59,60,29,110,106,109,51,123,90,62,65,140,54,109,117,75,42,137
"Sbj35_Time9",9,35,0,-12.18,-4.42,41,35,84,54,16,121,112,106,61,94,76,66,45,105,44,108,118,101,45,121
"Sbj36_Time1",1,36,1,5.82,0.579999999999998,93,55,59,135,29,114,79,78,121,74,177,157,186,149,165,100,70,134,115,99
"Sbj36_Time10",10,36,1,5.82,0.579999999999998,81,59,152,44,43,114,67,37,65,99,155,169,217,173,167,64,55,62,115,114
"Sbj36_Time2",2,36,1,5.82,0.579999999999998,79,62,146,45,37,102,71,43,42,102,143,189,207,169,139,66,73,69,101,119
"Sbj36_Time3",3,36,1,5.82,0.579999999999998,84,45,148,59,32,97,73,49,37,100,163,191,209,179,140,56,98,46,103,95
"Sbj36_Time4",4,36,1,5.82,0.579999999999998,85,53,143,54,43,114,70,38,50,109,158,190,205,171,140,38,90,53,98,121
"Sbj36_Time5",5,36,1,5.82,0.579999999999998,76,59,133,55,50,119,67,53,42,119,140,202,184,198,136,67,82,51,108,100
"Sbj36_Time6",6,36,1,5.82,0.579999999999998,74,40,137,29,23,89,67,36,39,112,142,153,182,193,138,70,82,56,110,107
"Sbj36_Time7",7,36,1,5.82,0.579999999999998,68,49,157,46,46,107,56,45,55,115,138,169,185,174,172,55,75,48,95,92
"Sbj36_Time8",8,36,1,5.82,0.579999999999998,72,52,149,32,9,102,64,40,41,127,143,190,196,175,151,50,74,39,130,94
"Sbj36_Time9",9,36,1,5.82,0.579999999999998,91,49,143,46,42,96,62,60,61,86,164,204,184,178,135,63,77,52,98,112
"Sbj37_Time1",1,37,1,12.82,-6.42,30,71,80,124,78,124,19,55,58,34,181,226,172,147,223,122,61,69,74,114
"Sbj37_Time10",10,37,1,12.82,-6.42,36,124,91,28,112,49,99,107,60,64,203,158,191,181,137,119,84,72,80,116
"Sbj37_Time2",2,37,1,12.82,-6.42,50,103,85,32,127,66,107,116,63,64,202,171,192,183,137,119,83,92,89,115
"Sbj37_Time3",3,37,1,12.82,-6.42,47,133,103,34,118,61,127,106,56,55,210,182,188,179,123,117,91,126,87,124
"Sbj37_Time4",4,37,1,12.82,-6.42,17,137,94,20,102,60,129,106,59,28,201,180,154,174,133,137,82,87,81,114
"Sbj37_Time5",5,37,1,12.82,-6.42,44,132,100,31,98,58,103,123,61,29,203,176,181,186,139,135,70,77,95,144
"Sbj37_Time6",6,37,1,12.82,-6.42,43,122,86,42,106,43,110,114,82,63,207,177,173,187,147,137,76,99,84,136
"Sbj37_Time7",7,37,1,12.82,-6.42,36,129,96,29,122,80,127,101,71,39,207,185,183,182,139,124,82,102,82,121
"Sbj37_Time8",8,37,1,12.82,-6.42,20,123,88,20,104,63,120,94,41,33,200,180,198,195,136,120,72,86,93,109
"Sbj37_Time9",9,37,1,12.82,-6.42,34,141,91,41,101,49,115,103,75,43,213,164,198,167,134,122,63,91,76,114
"Sbj38_Time1",1,38,1,13.82,3.58,106,108,67,115,56,71,69,134,69,58,187,158,162,163,213,79,125,123,120,122
"Sbj38_Time10",10,38,1,13.82,3.58,57,105,98,87,93,100,129,71,101,140,210,116,135,175,179,60,109,93,98,99
"Sbj38_Time2",2,38,1,13.82,3.58,47,101,92,56,72,99,146,86,108,126,222,112,179,166,197,72,97,82,91,96
"Sbj38_Time3",3,38,1,13.82,3.58,82,108,99,66,90,97,132,105,97,131,214,117,160,172,173,73,99,94,90,104
"Sbj38_Time4",4,38,1,13.82,3.58,45,95,89,62,82,87,114,88,83,137,202,128,180,159,173,71,104,89,97,94
"Sbj38_Time5",5,38,1,13.82,3.58,55,100,96,74,96,104,126,114,111,129,216,137,173,169,174,56,103,88,94,95
"Sbj38_Time6",6,38,1,13.82,3.58,64,112,77,59,76,97,117,72,79,123,196,114,169,174,174,74,96,91,81,98
"Sbj38_Time7",7,38,1,13.82,3.58,63,94,81,59,99,102,127,89,84,131,201,114,162,146,194,77,99,83,101,104
"Sbj38_Time8",8,38,1,13.82,3.58,76,99,87,55,84,99,115,103,105,138,219,129,180,162,167,49,110,84,98,105
"Sbj38_Time9",9,38,1,13.82,3.58,51,93,91,75,80,96,130,83,107,123,218,113,162,157,178,72,89,112,95,89
"Sbj39_Time1",1,39,1,-5.18,-6.42,84,52,132,124,115,120,118,24,18,48,149,212,214,184,131,113,137,135,80,76
"Sbj39_Time10",10,39,1,-5.18,-6.42,71,95,101,20,99,119,127,106,83,54,187,186,206,121,135,131,67,80,69,107
"Sbj39_Time2",2,39,1,-5.18,-6.42,62,72,114,33,99,116,120,107,79,36,169,198,212,123,117,129,67,71,81,104
"Sbj39_Time3",3,39,1,-5.18,-6.42,69,96,108,30,101,149,132,109,95,52,142,212,189,105,127,124,44,74,72,105
"Sbj39_Time4",4,39,1,-5.18,-6.42,71,63,88,34,108,125,129,95,103,54,152,213,193,149,103,123,55,50,81,113
"Sbj39_Time5",5,39,1,-5.18,-6.42,74,72,107,34,124,117,128,98,106,37,146,228,190,150,134,115,52,58,75,118
"Sbj39_Time6",6,39,1,-5.18,-6.42,69,81,102,17,107,117,115,87,87,33,157,209,199,141,128,128,61,80,76,104
"Sbj39_Time7",7,39,1,-5.18,-6.42,78,65,98,46,109,116,124,85,68,40,161,188,212,116,119,122,47,77,79,130
"Sbj39_Time8",8,39,1,-5.18,-6.42,82,64,112,30,104,112,127,107,69,65,151,196,203,126,132,124,48,51,80,120
"Sbj39_Time9",9,39,1,-5.18,-6.42,88,65,95,24,101,134,132,97,94,54,172,193,206,137,120,130,62,71,88,110
"Sbj4_Time1",1,4,0,11.82,-7.42,76,122,63,46,97,84,61,99,81,80,97,130,105,102,108,82,139,64,88,119
"Sbj4_Time10",10,4,0,11.82,-7.42,109,134,117,19,84,133,113,74,58,57,72,121,77,68,118,48,37,72,115,77
"Sbj4_Time2",2,4,0,11.82,-7.42,127,133,122,61,88,135,118,72,64,37,55,137,65,71,106,58,30,92,94,84
"Sbj4_Time3",3,4,0,11.82,-7.42,117,157,126,60,75,150,103,67,73,45,77,131,83,56,94,63,25,75,112,106
"Sbj4_Time4",4,4,0,11.82,-7.42,118,135,119,45,85,129,126,70,75,61,61,125,61,66,80,54,24,76,90,79
"Sbj4_Time5",5,4,0,11.82,-7.42,92,140,123,26,77,131,112,65,69,44,74,103,70,66,58,45,50,76,65,68
"Sbj4_Time6",6,4,0,11.82,-7.42,116,130,125,55,94,116,104,46,40,72,43,140,83,77,99,51,28,80,74,90
"Sbj4_Time7",7,4,0,11.82,-7.42,109,143,134,59,86,145,103,44,76,61,81,109,81,81,100,65,37,69,89,69
"Sbj4_Time8",8,4,0,11.82,-7.42,121,136,114,41,78,158,110,64,62,57,82,129,72,78,85,57,56,60,85,79
"Sbj4_Time9",9,4,0,11.82,-7.42,113,127,134,38,92,139,93,63,43,52,63,147,75,92,110,79,49,94,109,88
"Sbj40_Time1",1,40,1,10.82,7.58,74,43,56,68,85,50,40,49,82,101,152,176,185,188,159,96,93,107,48,105
"Sbj40_Time10",10,40,1,10.82,7.58,74,56,115,30,113,107,49,32,70,105,205,175,212,166,156,70,31,105,29,88
"Sbj40_Time2",2,40,1,10.82,7.58,54,73,134,24,106,94,36,41,62,98,223,188,213,172,123,69,15,102,35,102
"Sbj40_Time3",3,40,1,10.82,7.58,72,60,135,54,114,84,25,35,81,108,211,176,225,196,140,79,54,94,24,109
"Sbj40_Time4",4,40,1,10.82,7.58,81,63,126,29,110,82,46,39,56,93,205,181,211,169,116,64,11,107,29,89
"Sbj40_Time5",5,40,1,10.82,7.58,48,66,120,29,112,110,41,37,76,98,209,200,237,173,125,86,39,93,30,88
"Sbj40_Time6",6,40,1,10.82,7.58,72,55,118,20,131,72,36,23,57,113,208,190,215,175,152,44,28,102,29,77
"Sbj40_Time7",7,40,1,10.82,7.58,68,78,117,33,116,81,35,20,70,100,225,183,231,161,122,63,42,104,38,90
"Sbj40_Time8",8,40,1,10.82,7.58,41,70,136,28,108,93,38,34,54,81,217,182,210,150,152,47,44,104,52,96
"Sbj40_Time9",9,40,1,10.82,7.58,69,73,117,24,114,76,50,41,51,99,207,198,223,162,120,77,44,89,18,83
"Sbj41_Time1",1,41,0,-10.18,0.579999999999998,94,108,70,28,74,120,114,67,91,127,137,110,56,125,137,122,47,56,69,85
"Sbj41_Time10",10,41,0,-10.18,0.579999999999998,55,65,142,52,33,89,66,85,92,43,76,116,82,142,78,38,74,70,127,64
"Sbj41_Time2",2,41,0,-10.18,0.579999999999998,38,66,139,33,13,104,66,68,111,60,54,97,69,125,86,50,83,85,112,62
"Sbj41_Time3",3,41,0,-10.18,0.579999999999998,53,69,124,87,39,106,87,92,92,68,81,100,101,133,80,30,89,74,125,72
"Sbj41_Time4",4,41,0,-10.18,0.579999999999998,78,78,127,65,18,112,72,74,109,60,76,125,89,132,73,43,88,68,129,66
"Sbj41_Time5",5,41,0,-10.18,0.579999999999998,44,79,122,75,28,112,84,94,114,75,57,110,68,121,97,51,92,57,106,67
"Sbj41_Time6",6,41,0,-10.18,0.579999999999998,51,82,109,84,44,116,81,72,109,74,56,92,105,112,83,39,86,70,119,77
"Sbj41_Time7",7,41,0,-10.18,0.579999999999998,63,75,139,78,22,132,79,92,122,76,78,106,84,126,79,46,85,75,134,75
"Sbj41_Time8",8,41,0,-10.18,0.579999999999998,52,68,124,57,20,108,74,59,87,66,87,103,77,128,66,25,90,79,124,65
"Sbj41_Time9",9,41,0,-10.18,0.579999999999998,52,90,123,58,58,115,75,74,114,80,60,116,85,134,87,45,77,66,141,38
"Sbj42_Time1",1,42,0,-6.18,1.58,56,119,43,98,36,72,121,105,47,89,79,83,46,104,72,110,80,70,95,84
"Sbj42_Time10",10,42,0,-6.18,1.58,96,52,119,70,110,131,128,72,129,109,113,81,50,101,48,125,32,107,29,81
"Sbj42_Time2",2,42,0,-6.18,1.58,111,65,123,68,110,128,121,93,123,101,113,78,71,104,42,126,40,110,36,70
"Sbj42_Time3",3,42,0,-6.18,1.58,97,48,132,73,107,141,129,90,115,118,121,60,77,122,29,128,36,117,32,50
"Sbj42_Time4",4,42,0,-6.18,1.58,82,58,119,67,92,112,132,83,117,111,148,69,106,105,46,118,53,104,22,58
"Sbj42_Time5",5,42,0,-6.18,1.58,82,64,127,87,111,128,123,65,123,82,135,96,56,124,35,124,51,116,27,50
"Sbj42_Time6",6,42,0,-6.18,1.58,80,71,140,93,104,132,107,81,111,87,134,109,77,113,43,110,46,143,23,51
"Sbj42_Time7",7,42,0,-6.18,1.58,84,64,128,63,90,109,134,64,130,92,139,88,78,121,68,101,49,107,30,43
"Sbj42_Time8",8,42,0,-6.18,1.58,87,63,139,75,93,123,128,55,128,95,134,84,75,123,66,130,51,121,33,62
"Sbj42_Time9",9,42,0,-6.18,1.58,82,58,133,65,111,134,134,68,121,91,113,75,80,99,41,127,40,122,22,61
"Sbj43_Time1",1,43,0,-3.18,-7.42,102,57,50,103,50,86,116,126,129,95,134,137,29,108,64,127,25,51,40,34
"Sbj43_Time10",10,43,0,-3.18,-7.42,87,147,104,105,111,84,30,33,29,120,97,51,46,142,88,138,19,80,48,83
"Sbj43_Time2",2,43,0,-3.18,-7.42,83,115,100,134,102,79,38,61,50,112,85,52,56,119,84,134,34,78,53,85
"Sbj43_Time3",3,43,0,-3.18,-7.42,100,135,89,140,95,63,33,54,57,124,88,26,65,151,94,124,36,82,63,107
"Sbj43_Time4",4,43,0,-3.18,-7.42,84,131,106,106,97,72,32,44,69,114,71,44,67,142,66,126,62,101,80,94
"Sbj43_Time5",5,43,0,-3.18,-7.42,77,132,112,128,89,82,52,57,29,138,76,33,60,140,82,100,37,79,64,90
"Sbj43_Time6",6,43,0,-3.18,-7.42,81,131,109,141,104,91,28,51,24,119,89,39,57,145,64,113,39,89,53,76
"Sbj43_Time7",7,43,0,-3.18,-7.42,77,105,83,143,103,76,32,51,49,135,89,60,58,134,79,138,35,85,59,86
"Sbj43_Time8",8,43,0,-3.18,-7.42,84,131,119,129,112,75,24,72,41,146,77,45,37,144,76,111,41,95,50,100
"Sbj43_Time9",9,43,0,-3.18,-7.42,90,132,111,114,104,73,46,47,35,147,102,48,60,137,89,123,42,101,65,94
"Sbj44_Time1",1,44,0,-8.18,2.58,106,123,114,46,88,99,120,102,89,67,64,130,83,36,47,111,118,125,134,104
"Sbj44_Time10",10,44,0,-8.18,2.58,55,94,121,69,66,71,108,85,126,138,133,89,143,64,52,96,75,72,92,136
"Sbj44_Time2",2,44,0,-8.18,2.58,11,58,111,82,57,71,101,81,113,157,123,77,143,66,73,76,60,90,105,109
"Sbj44_Time3",3,44,0,-8.18,2.58,29,50,119,78,75,61,81,82,147,152,132,76,153,87,48,92,49,93,68,117
"Sbj44_Time4",4,44,0,-8.18,2.58,48,57,124,94,64,45,116,66,118,119,147,88,140,87,43,98,53,67,80,109
"Sbj44_Time5",5,44,0,-8.18,2.58,51,76,118,71,63,73,112,86,108,120,139,89,141,86,60,101,64,91,81,103
"Sbj44_Time6",6,44,0,-8.18,2.58,44,61,105,77,63,71,110,61,111,136,139,62,133,87,46,88,61,94,86,109
"Sbj44_Time7",7,44,0,-8.18,2.58,25,61,121,91,62,63,112,69,105,129,149,72,124,97,63,87,79,98,97,119
"Sbj44_Time8",8,44,0,-8.18,2.58,33,60,117,71,66,53,115,45,102,148,131,88,137,96,38,87,67,88,104,127
"Sbj44_Time9",9,44,0,-8.18,2.58,42,64,116,93,66,64,113,61,128,127,132,70,128,87,38,77,61,108,111,111
"Sbj45_Time1",1,45,0,-5.18,-6.42,93,58,126,104,59,128,69,43,93,65,141,66,92,48,140,31,112,64,39,33
"Sbj45_Time10",10,45,0,-5.18,-6.42,93,55,114,136,38,61,56,38,35,151,153,35,90,93,44,43,94,92,64,102
"Sbj45_Time2",2,45,0,-5.18,-6.42,99,66,115,129,44,88,57,38,23,138,139,45,109,87,47,41,78,83,83,114
"Sbj45_Time3",3,45,0,-5.18,-6.42,111,72,97,119,44,77,51,49,20,137,142,54,71,100,42,44,78,83,90,101
"Sbj45_Time4",4,45,0,-5.18,-6.42,92,59,117,136,51,60,55,56,40,123,142,65,61,78,43,44,72,84,92,95
"Sbj45_Time5",5,45,0,-5.18,-6.42,94,57,114,123,36,86,61,28,48,120,138,34,70,99,43,28,62,80,66,86
"Sbj45_Time6",6,45,0,-5.18,-6.42,104,61,125,134,50,77,75,33,25,145,136,40,75,86,50,40,88,70,88,83
"Sbj45_Time7",7,45,0,-5.18,-6.42,102,58,112,131,32,81,71,46,49,148,133,39,112,84,45,43,93,84,75,109
"Sbj45_Time8",8,45,0,-5.18,-6.42,94,59,120,126,42,75,52,34,53,129,135,50,65,97,44,30,79,87,86,91
"Sbj45_Time9",9,45,0,-5.18,-6.42,111,69,98,130,46,62,61,50,28,137,132,38,76,106,41,43,102,96,78,92
"Sbj46_Time1",1,46,1,-9.18,3.58,47,45,36,94,119,46,119,78,100,74,195,178,209,143,174,111,81,76,75,35
"Sbj46_Time10",10,46,1,-9.18,3.58,67,48,87,114,102,56,87,71,68,119,223,145,162,178,186,49,104,119,32,61
"Sbj46_Time2",2,46,1,-9.18,3.58,67,49,86,120,86,40,89,77,84,119,236,159,182,183,188,45,112,127,37,62
"Sbj46_Time3",3,46,1,-9.18,3.58,60,45,70,128,93,29,67,96,82,114,234,153,184,202,186,72,107,123,16,61
"Sbj46_Time4",4,46,1,-9.18,3.58,61,67,83,113,100,44,88,77,89,137,249,135,161,191,187,45,118,116,37,56
"Sbj46_Time5",5,46,1,-9.18,3.58,52,75,85,119,90,39,92,90,77,120,242,146,175,195,184,58,136,129,30,79
"Sbj46_Time6",6,46,1,-9.18,3.58,67,41,89,119,82,44,86,84,74,115,229,166,180,180,191,42,104,118,32,57
"Sbj46_Time7",7,46,1,-9.18,3.58,48,48,65,96,89,23,104,76,65,111,230,151,163,192,169,70,107,116,38,49
"Sbj46_Time8",8,46,1,-9.18,3.58,82,50,103,129,96,37,79,65,74,108,237,145,180,180,184,31,103,135,22,76
"Sbj46_Time9",9,46,1,-9.18,3.58,88,61,82,118,97,52,82,83,82,104,218,160,184,191,189,34,106,113,37,61
"Sbj47_Time1",1,47,1,0.82,0.579999999999998,128,126,29,86,86,91,68,112,62,115,160,189,176,206,171,107,122,36,47,88
"Sbj47_Time10",10,47,1,0.82,0.579999999999998,46,46,117,56,110,117,55,60,75,118,119,161,137,215,156,75,47,66,77,33
"Sbj47_Time2",2,47,1,0.82,0.579999999999998,25,64,133,60,97,118,75,63,60,94,125,156,140,220,140,68,62,56,79,45
"Sbj47_Time3",3,47,1,0.82,0.579999999999998,22,68,119,54,111,116,76,58,74,125,98,160,133,214,161,84,47,73,69,54
"Sbj47_Time4",4,47,1,0.82,0.579999999999998,52,57,122,42,125,106,75,72,69,117,116,163,127,253,136,75,40,59,77,29
"Sbj47_Time5",5,47,1,0.82,0.579999999999998,28,65,118,52,124,126,64,64,68,122,143,155,115,218,165,89,55,72,64,65
"Sbj47_Time6",6,47,1,0.82,0.579999999999998,16,54,125,52,127,128,82,76,51,116,127,150,148,209,155,74,70,51,68,47
"Sbj47_Time7",7,47,1,0.82,0.579999999999998,34,59,104,62,118,115,61,60,82,115,124,156,151,210,149,51,25,42,62,49
"Sbj47_Time8",8,47,1,0.82,0.579999999999998,33,63,115,55,116,110,68,73,73,125,96,172,153,237,159,61,25,70,85,25
"Sbj47_Time9",9,47,1,0.82,0.579999999999998,27,50,115,56,112,117,54,64,63,111,125,135,149,217,125,76,56,65,79,34
"Sbj48_Time1",1,48,1,4.82,-2.42,68,80,49,95,51,88,125,65,111,69,156,177,163,156,172,58,80,32,72,77
"Sbj48_Time10",10,48,1,4.82,-2.42,114,81,103,123,45,122,114,96,97,117,212,126,136,201,186,101,94,83,65,80
"Sbj48_Time2",2,48,1,4.82,-2.42,118,94,92,115,31,103,121,107,80,125,213,121,139,175,201,87,105,60,89,82
"Sbj48_Time3",3,48,1,4.82,-2.42,102,73,99,100,54,104,124,104,108,98,214,127,135,194,186,92,81,52,82,82
"Sbj48_Time4",4,48,1,4.82,-2.42,118,80,81,116,34,102,114,116,97,133,224,119,142,173,206,99,75,68,106,77
"Sbj48_Time5",5,48,1,4.82,-2.42,116,80,98,116,35,98,115,116,111,106,221,133,139,197,195,105,100,70,93,81
"Sbj48_Time6",6,48,1,4.82,-2.42,100,78,77,127,38,102,118,119,104,121,224,121,150,195,207,83,108,60,107,80
"Sbj48_Time7",7,48,1,4.82,-2.42,120,96,101,134,40,112,111,93,99,111,215,124,145,213,208,99,109,61,92,94
"Sbj48_Time8",8,48,1,4.82,-2.42,113,70,80,116,27,107,121,102,100,101,220,142,131,209,202,100,105,42,90,78
"Sbj48_Time9",9,48,1,4.82,-2.42,104,86,103,115,33,102,114,88,95,95,213,118,155,172,211,82,82,86,87,76
"Sbj49_Time1",1,49,1,2.82,5.58,122,102,82,119,38,115,27,55,54,97,214,169,132,141,180,98,133,91,137,36
"Sbj49_Time10",10,49,1,2.82,5.58,36,126,99,79,79,40,143,56,113,141,174,151,128,214,225,111,50,85,108,72
"Sbj49_Time2",2,49,1,2.82,5.58,46,115,84,94,75,49,116,68,101,134,162,146,138,211,206,103,38,111,108,81
"Sbj49_Time3",3,49,1,2.82,5.58,57,107,80,69,86,53,119,65,99,129,156,151,127,206,221,89,40,95,112,60
"Sbj49_Time4",4,49,1,2.82,5.58,52,128,104,81,76,53,107,57,89,140,186,135,142,203,199,116,57,94,111,71
"Sbj49_Time5",5,49,1,2.82,5.58,72,136,97,60,89,54,117,47,100,133,172,126,115,224,223,113,40,86,104,58
"Sbj49_Time6",6,49,1,2.82,5.58,56,142,92,76,85,55,107,72,97,134,191,147,148,217,194,115,56,95,104,72
"Sbj49_Time7",7,49,1,2.82,5.58,42,113,105,97,67,58,116,60,115,131,171,152,136,194,199,93,41,97,99,59
"Sbj49_Time8",8,49,1,2.82,5.58,57,109,72,67,59,57,107,98,110,130,185,149,144,195,210,93,56,94,121,59
"Sbj49_Time9",9,49,1,2.82,5.58,60,118,95,68,104,64,114,65,95,157,182,147,144,237,205,106,38,94,109,99
"Sbj5_Time1",1,5,0,13.82,1.58,102,54,73,109,112,65,114,64,79,68,145,138,116,89,129,74,43,136,70,95
"Sbj5_Time10",10,5,0,13.82,1.58,61,45,51,41,39,79,94,90,99,34,72,50,106,103,114,76,96,129,89,74
"Sbj5_Time2",2,5,0,13.82,1.58,73,48,70,43,26,85,111,90,98,35,54,41,74,122,119,100,89,124,116,69
"Sbj5_Time3",3,5,0,13.82,1.58,72,43,68,38,28,87,112,79,99,16,82,56,79,121,127,87,82,118,106,56
"Sbj5_Time4",4,5,0,13.82,1.58,54,44,47,54,45,88,104,94,94,33,56,33,83,96,117,88,86,137,110,69
"Sbj5_Time5",5,5,0,13.82,1.58,54,31,68,54,53,103,106,99,89,40,86,47,88,131,139,107,82,136,120,58
"Sbj5_Time6",6,5,0,13.82,1.58,71,23,46,57,45,90,122,77,108,40,80,31,80,107,108,86,78,129,106,66
"Sbj5_Time7",7,5,0,13.82,1.58,57,49,60,43,28,91,108,78,103,35,64,33,76,133,110,96,86,128,117,50
"Sbj5_Time8",8,5,0,13.82,1.58,50,44,74,39,28,88,123,91,88,50,70,32,82,126,106,90,95,106,99,57
"Sbj5_Time9",9,5,0,13.82,1.58,67,50,54,46,46,73,114,95,105,36,56,34,92,118,101,106,110,130,122,64
"Sbj50_Time1",1,50,1,2.82,-4.42,56,101,84,120,97,105,37,107,74,113,198,115,195,157,149,84,129,82,128,78
"Sbj50_Time10",10,50,1,2.82,-4.42,55,45,63,101,28,35,90,81,93,112,219,149,142,195,216,113,87,81,91,86
"Sbj50_Time2",2,50,1,2.82,-4.42,33,50,61,75,39,75,108,85,86,131,217,122,111,182,211,101,91,81,92,72
"Sbj50_Time3",3,50,1,2.82,-4.42,41,30,67,96,28,58,101,83,98,98,221,107,137,182,214,121,90,66,83,76
"Sbj50_Time4",4,50,1,2.82,-4.42,77,33,55,95,53,61,90,79,72,119,237,131,129,193,220,106,93,86,89,83
"Sbj50_Time5",5,50,1,2.82,-4.42,40,44,44,92,43,63,99,92,87,129,234,118,131,165,217,109,95,84,85,82
"Sbj50_Time6",6,50,1,2.82,-4.42,36,37,52,110,28,55,105,80,80,91,231,119,127,179,216,87,79,88,85,62
"Sbj50_Time7",7,50,1,2.82,-4.42,39,30,41,92,16,80,85,86,97,117,225,127,136,202,215,101,102,99,104,79
"Sbj50_Time8",8,50,1,2.82,-4.42,61,48,57,93,22,75,104,121,97,111,225,118,131,190,199,112,83,78,109,73
"Sbj50_Time9",9,50,1,2.82,-4.42,60,64,41,90,32,47,107,87,91,114,228,107,122,175,216,97,102,74,79,82
"Sbj6_Time1",1,6,1,9.82,-3.42,117,100,119,48,61,142,57,45,76,24,156,136,121,204,212,112,78,39,25,38
"Sbj6_Time10",10,6,1,9.82,-3.42,75,121,124,100,59,95,106,83,41,34,183,132,144,176,168,92,28,79,43,116
"Sbj6_Time2",2,6,1,9.82,-3.42,52,118,127,94,48,112,107,78,36,35,190,134,139,174,173,88,34,99,34,101
"Sbj6_Time3",3,6,1,9.82,-3.42,76,114,121,92,38,86,86,85,33,51,172,134,169,171,148,91,49,89,48,108
"Sbj6_Time4",4,6,1,9.82,-3.42,61,120,112,93,61,90,101,57,15,48,182,141,140,184,132,100,27,84,58,119
"Sbj6_Time5",5,6,1,9.82,-3.42,61,114,128,91,66,105,101,72,29,54,180,106,153,163,153,91,31,100,41,115
"Sbj6_Time6",6,6,1,9.82,-3.42,97,135,130,110,62,101,81,61,36,57,171,118,153,180,161,101,39,87,67,116
"Sbj6_Time7",7,6,1,9.82,-3.42,74,119,137,86,60,105,78,70,35,34,196,118,163,157,151,93,23,76,59,107
"Sbj6_Time8",8,6,1,9.82,-3.42,88,106,122,85,51,103,110,61,33,44,186,125,145,180,156,93,22,91,49,106
"Sbj6_Time9",9,6,1,9.82,-3.42,93,114,119,84,57,116,106,65,31,60,199,124,141,167,163,93,58,84,40,110
"Sbj7_Time1",1,7,1,11.82,-2.42,133,69,117,121,97,99,73,61,85,50,145,153,141,183,155,117,28,118,116,47
"Sbj7_Time10",10,7,1,11.82,-2.42,100,64,112,91,110,110,64,69,122,62,186,117,140,155,143,92,32,37,128,42
"Sbj7_Time2",2,7,1,11.82,-2.42,109,72,95,76,103,107,71,83,122,61,171,124,131,168,116,89,35,61,121,37
"Sbj7_Time3",3,7,1,11.82,-2.42,108,68,122,84,108,108,61,75,105,58,203,140,154,180,111,85,37,38,127,49
"Sbj7_Time4",4,7,1,11.82,-2.42,122,87,118,85,109,106,74,61,86,50,200,143,161,162,128,85,32,42,125,51
"Sbj7_Time5",5,7,1,11.82,-2.42,136,83,103,66,119,106,77,78,116,65,181,135,160,190,121,75,43,56,123,24
"Sbj7_Time6",6,7,1,11.82,-2.42,115,67,109,83,134,125,76,89,116,49,189,128,170,174,142,84,34,53,130,39
"Sbj7_Time7",7,7,1,11.82,-2.42,115,72,101,78,119,121,77,100,140,33,190,141,169,166,128,75,30,59,112,38
"Sbj7_Time8",8,7,1,11.82,-2.42,107,68,96,97,101,105,80,98,109,61,198,135,154,202,140,84,22,71,126,39
"Sbj7_Time9",9,7,1,11.82,-2.42,123,68,130,70,124,122,69,66,123,48,202,127,145,177,113,111,25,45,105,26
"Sbj8_Time1",1,8,1,-3.18,0.579999999999998,58,33,57,81,104,114,103,93,157,61,172,130,205,158,172,41,55,52,52,32
"Sbj8_Time10",10,8,1,-3.18,0.579999999999998,106,42,83,101,72,103,125,105,42,112,196,170,189,200,153,33,100,150,47,58
"Sbj8_Time2",2,8,1,-3.18,0.579999999999998,90,32,81,78,63,125,123,100,29,105,219,165,196,189,141,34,110,125,42,41
"Sbj8_Time3",3,8,1,-3.18,0.579999999999998,106,54,97,73,46,111,124,81,33,130,227,176,179,186,155,15,112,131,42,47
"Sbj8_Time4",4,8,1,-3.18,0.579999999999998,91,39,105,76,81,121,102,81,52,108,198,165,194,185,160,37,112,133,31,48
"Sbj8_Time5",5,8,1,-3.18,0.579999999999998,103,27,102,76,64,123,115,81,36,124,217,181,209,198,157,33,109,121,60,50
"Sbj8_Time6",6,8,1,-3.18,0.579999999999998,94,42,109,80,52,100,99,94,40,103,219,184,189,188,150,31,112,124,67,53
"Sbj8_Time7",7,8,1,-3.18,0.579999999999998,98,39,95,80,68,103,113,86,65,99,230,170,196,201,157,21,128,134,34,55
"Sbj8_Time8",8,8,1,-3.18,0.579999999999998,132,24,92,87,61,104,101,108,37,97,223,163,210,189,164,27,111,135,43,53
"Sbj8_Time9",9,8,1,-3.18,0.579999999999998,105,45,98,84,61,118,121,106,43,112,206,170,179,186,169,28,101,114,48,54
"Sbj9_Time1",1,9,1,9.82,7.58,74,38,119,64,125,37,14,37,6,64,180,167,218,193,170,67,95,123,35,131
"Sbj9_Time10",10,9,1,9.82,7.58,75,64,140,125,68,132,71,97,54,98,200,172,176,201,175,74,90,53,23,110
"Sbj9_Time2",2,9,1,9.82,7.58,77,68,150,115,87,122,85,89,39,102,167,195,154,194,178,52,77,45,27,106
"Sbj9_Time3",3,9,1,9.82,7.58,46,76,125,108,84,126,84,101,37,95,164,193,176,209,183,47,87,37,28,92
"Sbj9_Time4",4,9,1,9.82,7.58,65,90,138,114,81,127,95,112,42,92,171,205,199,190,194,51,83,28,27,95
"Sbj9_Time5",5,9,1,9.82,7.58,45,76,122,115,77,133,72,114,18,92,168,182,172,206,188,70,73,48,42,81
"Sbj9_Time6",6,9,1,9.82,7.58,68,64,130,114,90,129,79,108,35,94,182,216,193,176,180,69,69,30,38,106
"Sbj9_Time7",7,9,1,9.82,7.58,55,95,145,123,88,141,86,93,56,97,162,175,183,178,183,59,71,23,34,90
"Sbj9_Time8",8,9,1,9.82,7.58,69,84,134,111,74,111,69,108,30,99,169,197,160,185,187,52,56,45,44,88
"Sbj9_Time9",9,9,1,9.82,7.58,63,85,148,99,81,115,79,92,37,88,171,202,172,193,182,52,70,31,36,90
