"","Source","Sink","Time","L_Edge_weight","O_Edge_weight","Cov_Edge_weight","Recovery","SampleSize"
"1","sp1","sp18",7,0.0328018301048619,NA,0.0431879369885836,0,10
"2","sp2","sp26",5,-0.0467624727346173,NA,-0.0282248392064764,0,10
"3","sp2","sp34",5,NA,0.0181727823544247,NA,0,10
"4","sp2","sp37",10,-0.00754663936518648,NA,NA,0,10
"5","sp2","sp39",10,-0.000771702957336469,NA,NA,0,10
"6","sp3","sp7",9,0.00157473312529521,NA,NA,0,10
"7","sp3","sp9",2,-0.0250349891929461,NA,-0.0073784112172659,0,10
"8","sp3","sp11",2,-0.0522963823050283,NA,-0.0487071556524328,0,10
"9","sp3","sp22",2,NA,-0.0529705163988226,NA,0,10
"10","sp3","sp22",3,NA,-0.010950237815515,NA,0,10
"11","sp3","sp22",5,NA,-0.0202882339238232,NA,0,10
"12","sp3","sp22",6,NA,-0.0337069849574777,NA,0,10
"13","sp3","sp22",7,NA,-0.122995932628308,NA,0,10
"14","sp3","sp22",8,NA,-0.120009262804745,NA,0,10
"15","sp3","sp22",9,NA,-0.0601227317975435,NA,0,10
"16","sp3","sp29",6,0.162911271647575,NA,0.18475914074199,0,10
"17","sp3","sp42",10,0.161685239879618,NA,0.16857272724762,0,10
"18","sp3","sp47",4,-0.161559503681115,NA,-0.182273293685885,0,10
"19","sp4","sp17",2,NA,0.0160000614286432,NA,0,10
"20","sp4","sp17",5,NA,0.00116691868065177,NA,0,10
"21","sp4","sp19",5,0.0657540544581164,NA,0.0717848004590912,0,10
"22","sp4","sp24",1,0.0510549701180466,NA,0.0520477834152319,0,10
"23","sp4","sp39",9,0.0689816952740984,NA,0.0598618053386908,0,10
"24","sp4","sp49",1,NA,0.0467394472912692,NA,0,10
"25","sp5","sp13",8,0.0473367132110672,NA,0.0166342058648519,0,10
"26","sp5","sp17",2,0.0239872912384522,NA,0.0205336961190195,0,10
"27","sp5","sp18",1,0.0401703674833049,NA,0.03706470426413,0,10
"28","sp5","sp23",3,NA,NA,0.00336453007527326,0,10
"29","sp5","sp23",9,0.177088172090884,NA,0.185224285541835,0,10
"30","sp5","sp24",3,-0.0351430651775977,NA,-0.050089225309208,0,10
"31","sp5","sp31",8,NA,-0.0269476473826875,NA,0,10
"32","sp5","sp42",3,0.00188413932833527,NA,0.00318332216652289,0,10
"33","sp5","sp45",5,NA,-0.015876468767677,NA,0,10
"34","sp6","sp25",4,0.152746427459548,NA,0.180477099192318,0,10
"35","sp6","sp29",8,0.0466941878435695,NA,0.00785921490691721,0,10
"36","sp7","sp9",1,-0.0308586255024552,NA,-0.0391941452676122,0,10
"37","sp7","sp9",6,-0.00394936515712097,NA,-0.0215435723715919,0,10
"38","sp7","sp40",3,0.0205921336312456,NA,0.00637445982702778,0,10
"39","sp7","sp42",3,-0.0100995522456383,NA,-0.00659219792943648,0,10
"40","sp8","sp35",3,0.024772531345408,NA,0.00994964667222897,0,10
"41","sp8","sp48",3,0.164229976039863,NA,0.16551750237972,0,10
"42","sp9","sp11",2,0.000730170225358218,NA,0.000200431842811457,0,10
"43","sp9","sp30",4,NA,-0.000347442667922415,NA,0,10
"44","sp9","sp30",9,NA,-0.01792839244476,NA,0,10
"45","sp9","sp42",2,NA,-0.00354381538079052,NA,0,10
"46","sp9","sp46",7,0.181640387316591,NA,0.201289122353365,0,10
"47","sp10","sp24",5,0.177275335847302,NA,0.182802321453408,0,10
"48","sp10","sp30",6,NA,-0.0782199973048558,NA,0,10
"49","sp11","sp26",7,NA,-0.0141918461168028,NA,0,10
"50","sp11","sp38",1,-0.00571865089706249,NA,NA,0,10
"51","sp12","sp16",2,NA,-0.00293184465915863,NA,0,10
"52","sp12","sp20",6,0.165035540164561,NA,0.184453136355834,0,10
"53","sp12","sp27",6,NA,NA,0.00116533136469343,0,10
"54","sp12","sp28",7,NA,NA,0.0106801542658643,0,10
"55","sp12","sp35",10,NA,0.0497584677104376,NA,0,10
"56","sp12","sp37",9,0.00726414516323826,NA,0.00717956084160409,0,10
"57","sp12","sp48",7,NA,-0.0427252961794725,NA,0,10
"58","sp13","sp18",4,-0.101995295122362,NA,-0.130563024538909,0,10
"59","sp13","sp19",6,-0.159359926439842,NA,-0.175664446441649,0,10
"60","sp13","sp21",2,NA,-0.0288158374991701,NA,0,10
"61","sp13","sp21",5,NA,-0.0581350203438718,NA,0,10
"62","sp13","sp21",7,NA,-0.0245787595259838,NA,0,10
"63","sp13","sp22",2,0.164557684172585,NA,0.163238881570646,0,10
"64","sp13","sp24",4,NA,NA,-0.00103243635670165,0,10
"65","sp13","sp28",5,0.0208674588925623,NA,0.0153775702913064,0,10
"66","sp13","sp29",2,NA,0.0460100522298834,NA,0,10
"67","sp13","sp29",3,NA,0.0226006614314389,NA,0,10
"68","sp13","sp44",5,0.019283635848018,NA,0.0076949053927835,0,10
"69","sp13","sp44",10,0.136013829637658,NA,0.14963479925521,0,10
"70","sp13","sp50",10,0.164555368107586,NA,0.170130638610558,0,10
"71","sp14","sp21",3,0.0249332467431667,NA,NA,0,10
"72","sp14","sp28",1,NA,0.0190462366872624,NA,0,10
"73","sp14","sp48",5,0.0479641144268457,NA,0.0330288976567659,0,10
"74","sp15","sp36",5,-0.0110084224028683,NA,-0.0167148841868476,0,10
"75","sp15","sp40",6,0.00211335464963314,NA,NA,0,10
"76","sp15","sp41",4,-0.000387255594464436,NA,-0.000862399748855461,0,10
"77","sp15","sp43",4,0.163927830845032,NA,0.183943967363543,0,10
"78","sp15","sp45",3,NA,-0.0983841266398404,NA,0,10
"79","sp16","sp26",6,0.148495653796905,NA,0.171125016707165,0,10
"80","sp16","sp32",9,0.184805218406069,NA,0.185682787866215,0,10
"81","sp16","sp44",8,-0.160631736847004,NA,-0.162140571666358,0,10
"82","sp16","sp46",8,-0.000503502735850041,NA,NA,0,10
"83","sp17","sp19",4,NA,-0.0189850502144665,NA,0,10
"84","sp17","sp19",9,NA,-0.0142988147594618,NA,0,10
"85","sp17","sp20",10,NA,-0.0233696185266408,NA,0,10
"86","sp17","sp23",7,NA,-0.00788687053203663,NA,0,10
"87","sp17","sp25",6,NA,NA,0.00727209041937693,0,10
"88","sp18","sp24",4,NA,NA,0.0141893507336068,0,10
"89","sp19","sp20",4,NA,0.0040944991120313,NA,0,10
"90","sp19","sp29",1,NA,0.0337300216201937,NA,0,10
"91","sp19","sp31",7,0.0474315912526598,NA,0.0904602439556395,0,10
"92","sp19","sp38",1,0.0171698364011669,NA,0.0159391153704003,0,10
"93","sp19","sp38",2,0.0525766148383624,NA,0.0541586161916648,0,10
"94","sp19","sp39",1,NA,0.0342118565749033,NA,0,10
"95","sp20","sp23",5,NA,0.00512309420911194,NA,0,10
"96","sp20","sp27",2,NA,0.04421284680764,NA,0,10
"97","sp20","sp27",6,NA,NA,0.0113588417887063,0,10
"98","sp20","sp27",7,NA,0.0117793228528067,NA,0,10
"99","sp20","sp27",9,NA,0.00724073394142111,NA,0,10
"100","sp20","sp45",9,-0.0420677861860058,NA,-0.0353573261467748,0,10
"101","sp21","sp29",2,NA,-0.14103431418935,NA,0,10
"102","sp21","sp29",5,NA,-0.00262145002702774,NA,0,10
"103","sp21","sp29",6,NA,-0.0291779776819188,NA,0,10
"104","sp21","sp29",10,NA,-0.0415024932434229,NA,0,10
"105","sp21","sp33",4,0.140648090618131,NA,0.151363787523609,0,10
"106","sp21","sp40",1,NA,-0.00815063811737526,NA,0,10
"107","sp21","sp41",7,NA,NA,0.00519105378456441,0,10
"108","sp21","sp44",4,0.130368599152299,NA,0.151344813088799,0,10
"109","sp22","sp23",1,0.186319912788035,NA,0.186735189005969,0,10
"110","sp22","sp40",1,0.0759550968985328,NA,0.100315457846981,0,10
"111","sp22","sp47",1,0.0160894775334017,NA,0.025996835286032,0,10
"112","sp22","sp48",1,0.142947561626289,NA,0.152461058465442,0,10
"113","sp23","sp40",1,0.0735496376866716,NA,0.0983740469607863,0,10
"114","sp23","sp47",1,0.0301402635060819,NA,0.0374465093186693,0,10
"115","sp23","sp47",2,0.183633629761112,NA,0.183627864787975,0,10
"116","sp23","sp47",8,NA,0.0250078081219132,NA,0,10
"117","sp23","sp48",1,0.134151416880223,NA,0.145751394003609,0,10
"118","sp24","sp27",10,0.0747646769802379,NA,0.0323058487903154,0,10
"119","sp24","sp30",2,0.0466127048739147,NA,0.0122389387477692,0,10
"120","sp25","sp26",3,-0.0628329853524906,NA,-0.0561046812247221,0,10
"121","sp25","sp33",2,0.0383791037535995,NA,0.0463224754294396,0,10
"122","sp26","sp27",8,-0.0988106546509343,NA,-0.0815813694402411,0,10
"123","sp26","sp50",10,NA,0.00604568055955201,NA,0,10
"124","sp27","sp37",8,NA,-0.0127175867438195,NA,0,10
"125","sp27","sp37",10,NA,-0.0143654467139831,NA,0,10
"126","sp27","sp38",7,-0.0340701798056567,NA,-0.0219048304331645,0,10
"127","sp27","sp47",5,NA,0.0368546788577441,NA,0,10
"128","sp27","sp47",10,NA,0.000622704439426972,NA,0,10
"129","sp28","sp29",3,0.156481337910171,NA,0.149279391251965,0,10
"130","sp28","sp32",4,-0.0103842061953923,NA,-0.00230534460295961,0,10
"131","sp28","sp44",1,0.163633841213295,NA,0.169430081614564,0,10
"132","sp28","sp44",5,0.15329432486,NA,0.159306234022947,0,10
"133","sp28","sp46",9,0.160458621422177,NA,0.163621653839734,0,10
"134","sp29","sp30",4,-0.00197191540427111,NA,-0.0575290116088618,0,10
"135","sp29","sp35",9,0.00938510225969885,NA,0.0394204539648168,0,10
"136","sp29","sp39",1,NA,0.100060990748591,NA,0,10
"137","sp29","sp44",9,0.0279351794618581,NA,0.00165092311701265,0,10
"138","sp30","sp32",6,NA,NA,0.00645400434741139,0,10
"139","sp30","sp44",7,0.00717195487594491,NA,NA,0,10
"140","sp31","sp37",4,NA,0.000413784102086988,NA,0,10
"141","sp31","sp37",10,NA,0.000980912473791692,NA,0,10
"142","sp31","sp47",4,NA,-0.0387898458391492,NA,0,10
"143","sp31","sp47",6,NA,-0.0639376297825752,NA,0,10
"144","sp31","sp47",10,NA,-0.022629107777426,NA,0,10
"145","sp33","sp36",2,NA,-0.0175047651659713,NA,0,10
"146","sp33","sp44",4,0.136511230012489,NA,0.163796061537312,0,10
"147","sp33","sp49",5,0.184318374684401,NA,0.185317440091249,0,10
"148","sp34","sp36",10,0.169417709110539,NA,0.174295213703623,0,10
"149","sp34","sp37",8,0.0745166820627562,NA,0.0635085795290835,0,10
"150","sp34","sp41",3,0.0927317923380401,NA,0.1114324534248,0,10
"151","sp34","sp43",6,NA,0.0579359212707826,NA,0,10
"152","sp34","sp43",9,NA,0.0332982687261689,NA,0,10
"153","sp34","sp43",10,NA,0.00601863411860615,NA,0,10
"154","sp34","sp50",7,0.0530568423422955,NA,0.105640634757656,0,10
"155","sp35","sp38",9,0.0156726443551142,NA,0.00077743153806864,0,10
"156","sp35","sp42",7,-0.159869271107906,NA,-0.176120896327003,0,10
"157","sp35","sp44",7,NA,-0.058910073268735,NA,0,10
"158","sp35","sp48",3,0.00225082489865245,NA,0.000907929322287799,0,10
"159","sp37","sp39",10,0.183133683256878,NA,0.184365534473265,0,10
"160","sp37","sp41",1,0.141509952490446,NA,0.153798982716655,0,10
"161","sp37","sp43",3,0.0907117661009837,NA,0.0752379393246401,0,10
"162","sp37","sp47",2,NA,-0.077324008149896,NA,0,10
"163","sp37","sp47",4,NA,-0.0194023158097257,NA,0,10
"164","sp37","sp47",8,NA,-0.00438389565210429,NA,0,10
"165","sp37","sp47",9,NA,-0.166637079389179,NA,0,10
"166","sp37","sp47",10,NA,-0.0783781463978969,NA,0,10
"167","sp38","sp45",10,-0.0798065374913512,NA,-0.0777216425770815,0,10
"168","sp39","sp42",4,0.109465983947078,NA,0.140446189307584,0,10
"169","sp39","sp46",3,0.1263107434978,NA,0.13587594298591,0,10
"170","sp40","sp47",1,0.00395362943794986,NA,0.00632820354692245,0,10
"171","sp40","sp48",1,0.101163593369382,NA,0.12223617466779,0,10
"172","sp41","sp43",4,-0.00426647308776163,NA,-0.00841283765722759,0,10
"173","sp42","sp45",7,NA,0.00639845206075773,NA,0,10
"174","sp43","sp48",8,NA,0.0784302410241841,NA,0,10
"175","sp43","sp49",8,0.0490632949497184,NA,0.0844240706054289,0,10
"176","sp43","sp50",8,NA,-0.000666835887765187,NA,0,10
"177","sp44","sp46",2,0.106882659456445,NA,0.131364227810505,0,10
"178","sp44","sp46",8,0.00561021697584441,NA,0.00213058142477329,0,10
"179","sp44","sp50",10,0.0622726642271252,NA,0.0928079974302054,0,10
"180","sp47","sp48",1,0.0470164554793838,NA,0.0574463612107851,0,10
"181","sp48","sp50",8,NA,-0.0153525355590846,NA,0,10
"182","sp48","sp50",9,NA,-0.0698288392841534,NA,0,10
"183","sp1","sp13",1,NA,-0.223809538693716,NA,0,20
"184","sp2","sp14",3,NA,-0.0267490451772833,NA,0,20
"185","sp2","sp15",1,-0.00712389372294642,NA,-0.0221126081660635,0,20
"186","sp2","sp18",7,NA,0.000428889215010203,NA,0,20
"187","sp2","sp20",7,NA,-0.0585902747873626,NA,0,20
"188","sp2","sp29",1,-0.0280452175041686,NA,-0.00617144405101479,0,20
"189","sp2","sp29",2,-0.00396019848066387,NA,-0.0105738443354457,0,20
"190","sp2","sp33",10,NA,NA,0.000203363523731732,0,20
"191","sp2","sp34",1,-0.156533088960563,NA,-0.172646353917486,0,20
"192","sp2","sp35",3,-0.036827413182875,NA,-0.0399922795781175,0,20
"193","sp2","sp36",10,0.0410516247753305,NA,0.0346244189466543,0,20
"194","sp2","sp38",10,NA,0.044571390258675,NA,0,20
"195","sp2","sp41",8,NA,-0.015573259030625,NA,0,20
"196","sp3","sp8",1,-0.0230490854236268,NA,-0.0366303728118568,0,20
"197","sp3","sp14",1,-0.11771336891281,NA,-0.127929377447165,0,20
"198","sp3","sp17",3,-0.0553664695846981,NA,-0.0546893543757804,0,20
"199","sp3","sp24",10,NA,0.0148236485004882,NA,0,20
"200","sp3","sp26",4,-0.022308421050911,NA,-0.0281087194971924,0,20
"201","sp3","sp28",4,-0.00043850227901931,NA,NA,0,20
"202","sp3","sp33",3,0.00308283957945064,NA,0.00298917885434933,0,20
"203","sp3","sp42",2,NA,-0.0591129061161636,NA,0,20
"204","sp3","sp44",9,-0.0297438040274788,NA,-0.0243960916869974,0,20
"205","sp3","sp46",4,NA,0.0114734185714035,NA,0,20
"206","sp3","sp46",5,NA,0.00411055365636193,NA,0,20
"207","sp3","sp47",7,NA,NA,0.00397858242860472,0,20
"208","sp3","sp50",1,-0.134495822058599,NA,-0.140064309271248,0,20
"209","sp4","sp7",8,NA,NA,-0.0080597531097063,0,20
"210","sp4","sp28",4,NA,-0.00945005603415692,NA,0,20
"211","sp4","sp30",4,NA,-0.0391897740827176,NA,0,20
"212","sp4","sp30",8,NA,-0.0550384062243917,NA,0,20
"213","sp4","sp38",10,0.0100518591499071,NA,0.0146377941200824,0,20
"214","sp4","sp49",1,NA,0.0577585529465031,NA,0,20
"215","sp5","sp6",7,NA,-0.0492300797060559,NA,0,20
"216","sp5","sp11",4,-0.155767885149217,NA,-0.155740562802138,0,20
"217","sp5","sp12",4,0.00106912335793527,NA,0.000950538235060127,0,20
"218","sp5","sp23",10,0.0152981080574188,NA,0.0183764353936942,0,20
"219","sp5","sp28",1,-0.0261456955115463,NA,-0.018528908062816,0,20
"220","sp5","sp28",10,-0.000500469376571279,NA,-0.000403815005541268,0,20
"221","sp5","sp36",1,NA,-0.135561126858986,NA,0,20
"222","sp5","sp41",9,0.00221378167954034,NA,NA,0,20
"223","sp5","sp43",1,-0.00175822422170875,NA,-0.000735365314427548,0,20
"224","sp6","sp17",6,0.073819287746204,NA,0.0607191476604562,0,20
"225","sp6","sp18",8,NA,-0.000605991349890811,NA,0,20
"226","sp6","sp23",1,-0.137788860952177,NA,-0.153496626154616,0,20
"227","sp6","sp31",10,0.0190769624580654,NA,0.00665671641370513,0,20
"228","sp7","sp20",10,0.02228568905762,NA,0.025807096571364,0,20
"229","sp8","sp14",1,0.00169450718254044,NA,0.00293696744768969,0,20
"230","sp8","sp26",3,NA,0.00809880953567832,NA,0,20
"231","sp8","sp28",3,-0.0522334649892421,NA,-0.0329001809190025,0,20
"232","sp8","sp37",2,NA,0.00361147832364529,NA,0,20
"233","sp8","sp43",2,-0.0402229531321023,NA,-0.0432695499219166,0,20
"234","sp8","sp46",3,0.0073432694829697,NA,NA,0,20
"235","sp8","sp47",2,NA,-0.138632940066523,NA,0,20
"236","sp8","sp47",7,NA,-0.0796440968704225,NA,0,20
"237","sp8","sp50",1,0.00193609390849042,NA,0.00321555787358295,0,20
"238","sp9","sp17",2,-0.055558666148383,NA,-0.0558975614953677,0,20
"239","sp9","sp32",9,-0.0968174343469264,NA,-0.111340284274811,0,20
"240","sp10","sp11",2,NA,-0.0122543279304475,NA,0,20
"241","sp10","sp11",6,NA,-0.00213350229772979,NA,0,20
"242","sp10","sp11",9,NA,-0.0037549471997987,NA,0,20
"243","sp10","sp12",2,NA,0.162934479406656,NA,0,20
"244","sp10","sp12",3,NA,0.119512662031319,NA,0,20
"245","sp10","sp12",4,NA,0.0891150081428791,NA,0,20
"246","sp10","sp12",5,NA,0.143371950052779,NA,0,20
"247","sp10","sp12",7,NA,0.1491361253577,NA,0,20
"248","sp10","sp12",10,NA,0.0510130443849767,NA,0,20
"249","sp10","sp17",4,0.0363471224484092,NA,0.0317764624223968,0,20
"250","sp10","sp39",3,-0.0737177281429137,NA,-0.0592687102311709,0,20
"251","sp10","sp39",4,-0.00224547234650364,NA,-0.00201331574683983,0,20
"252","sp11","sp12",2,NA,-0.00127013110250551,NA,0,20
"253","sp11","sp12",4,-0.0109695328905656,NA,-0.00975388378563734,0,20
"254","sp11","sp12",9,NA,-0.0159795341744094,NA,0,20
"255","sp11","sp12",10,0.0865575904305389,NA,0.0867778334787006,0,20
"256","sp12","sp22",4,-0.00175138160982147,NA,-0.0162584304308186,0,20
"257","sp12","sp30",2,-0.0133340519569792,NA,-0.0273885291168243,0,20
"258","sp12","sp31",6,0.0228620442478052,NA,0.0237998643827602,0,20
"259","sp13","sp29",2,NA,0.218861826035941,NA,0,20
"260","sp13","sp29",3,NA,0.191069031346746,NA,0,20
"261","sp13","sp29",5,NA,0.121267886859287,NA,0,20
"262","sp13","sp29",6,NA,0.0609942805084164,NA,0,20
"263","sp13","sp29",7,NA,0.169570643611387,NA,0,20
"264","sp13","sp29",9,NA,0.206808448923077,NA,0,20
"265","sp13","sp36",9,0.184022057340744,NA,0.180881906519159,0,20
"266","sp14","sp21",3,-0.00292155977037846,NA,-0.00113519682472373,0,20
"267","sp14","sp21",10,-0.0808838028030138,NA,-0.0535193314563834,0,20
"268","sp14","sp25",3,-0.00468236987008418,NA,-0.00439064363352855,0,20
"269","sp14","sp31",3,-0.0703624022049585,NA,-0.055139971561024,0,20
"270","sp14","sp45",10,NA,-0.0495707859476389,NA,0,20
"271","sp14","sp50",1,0.0283439974377202,NA,0.0351296910082825,0,20
"272","sp15","sp21",3,-0.00878949016989676,NA,-0.000201997203095985,0,20
"273","sp15","sp31",2,NA,-0.0860532184435076,NA,0,20
"274","sp15","sp31",3,-0.000364953726390794,NA,NA,0,20
"275","sp15","sp31",4,NA,-0.134893091180582,NA,0,20
"276","sp15","sp31",6,NA,-0.102039425747895,NA,0,20
"277","sp15","sp31",7,NA,-0.125421003251977,NA,0,20
"278","sp15","sp34",1,0.00069644610636253,NA,0.00239268148560937,0,20
"279","sp15","sp34",3,-0.0185428529075755,NA,-0.0223236857028106,0,20
"280","sp15","sp45",3,NA,-0.00555605950356985,NA,0,20
"281","sp15","sp45",6,NA,-0.000532061188836735,NA,0,20
"282","sp15","sp47",4,NA,0.00419833709519125,NA,0,20
"283","sp17","sp18",1,-0.0427222798210815,NA,-0.0334543290530456,0,20
"284","sp17","sp19",2,NA,-0.154450806410151,NA,0,20
"285","sp17","sp19",3,NA,-0.0392686053570824,NA,0,20
"286","sp17","sp19",4,NA,-0.210180676623189,NA,0,20
"287","sp17","sp19",5,NA,-0.172689429226071,NA,0,20
"288","sp17","sp19",6,NA,-0.0609867993404167,NA,0,20
"289","sp17","sp19",7,NA,-0.126776758893046,NA,0,20
"290","sp17","sp19",8,NA,-0.120926127709518,NA,0,20
"291","sp17","sp19",9,NA,-0.122879098585934,NA,0,20
"292","sp17","sp19",10,NA,-0.0435688853686398,NA,0,20
"293","sp17","sp23",7,NA,-0.123472845539755,NA,0,20
"294","sp17","sp32",3,NA,0.0113536236634797,NA,0,20
"295","sp17","sp32",4,NA,0.0266888990881754,NA,0,20
"296","sp17","sp32",5,NA,0.14117020917653,NA,0,20
"297","sp17","sp32",6,NA,0.122406680763808,NA,0,20
"298","sp17","sp32",8,NA,0.057768408517852,NA,0,20
"299","sp17","sp32",10,NA,0.103196110499425,NA,0,20
"300","sp17","sp33",3,-0.0875752074646198,NA,-0.0861888804118695,0,20
"301","sp17","sp36",1,NA,-0.00143727008390178,NA,0,20
"302","sp17","sp39",4,-0.0987360882261998,NA,-0.101254904676189,0,20
"303","sp17","sp47",1,0.0255710825051337,NA,0.03857850321782,0,20
"304","sp18","sp20",7,NA,-0.0116020445435481,NA,0,20
"305","sp18","sp29",4,0.0794888489115346,NA,0.0780195618397374,0,20
"306","sp18","sp34",6,-0.203514216838443,NA,-0.204141977864571,0,20
"307","sp18","sp47",1,-0.00068228757268189,NA,-0.000808882064316536,0,20
"308","sp19","sp21",1,NA,NA,-0.0116631558322046,0,20
"309","sp19","sp22",5,-0.0389659740605823,NA,-0.0381871875618823,0,20
"310","sp19","sp23",7,NA,0.00987634298555668,NA,0,20
"311","sp19","sp27",3,0.132635187686431,NA,0.1255254844418,0,20
"312","sp19","sp32",3,NA,-0.000279187023748309,NA,0,20
"313","sp19","sp32",4,NA,-0.0125420919874082,NA,0,20
"314","sp19","sp32",5,NA,-0.015277626090362,NA,0,20
"315","sp19","sp32",6,NA,-0.00466030294260678,NA,0,20
"316","sp19","sp32",8,NA,-0.00438088566028012,NA,0,20
"317","sp19","sp32",10,NA,-0.00283338617303426,NA,0,20
"318","sp19","sp35",2,0.0283820800088548,NA,0.0304577115762203,0,20
"319","sp19","sp35",8,0.0364265872387559,NA,0.0594023984800844,0,20
"320","sp19","sp36",4,0.0937857162832306,NA,0.0927376213309871,0,20
"321","sp19","sp36",7,-0.0415678648639534,NA,-0.0558563005685054,0,20
"322","sp19","sp39",7,NA,NA,-0.0133322779970003,0,20
"323","sp19","sp47",3,0.0104416020382587,NA,NA,0,20
"324","sp19","sp50",4,0.00360662243751392,NA,0.0039057485215835,0,20
"325","sp20","sp21",3,0.00707677321399022,NA,NA,0,20
"326","sp20","sp23",2,NA,0.0840844770121498,NA,0,20
"327","sp20","sp23",8,NA,0.00819751386353285,NA,0,20
"328","sp20","sp27",2,NA,0.0685814616803485,NA,0,20
"329","sp20","sp27",6,NA,0.111674585920119,NA,0,20
"330","sp20","sp27",10,NA,0.0646854403620807,NA,0,20
"331","sp20","sp31",3,0.000293838971925105,NA,NA,0,20
"332","sp20","sp37",2,NA,-0.00133844420156097,NA,0,20
"333","sp21","sp25",3,0.00434586525434947,NA,0.00258504683267092,0,20
"334","sp21","sp28",5,-0.019461876343793,NA,NA,0,20
"335","sp21","sp31",3,0.0653057164297861,NA,0.032464353915883,0,20
"336","sp22","sp23",6,0.0603050967106795,NA,0.0542280840228986,0,20
"337","sp22","sp24",8,-0.00290001126767236,NA,-0.0369336568653171,0,20
"338","sp22","sp26",8,-0.00311132218733612,NA,NA,0,20
"339","sp23","sp27",2,NA,0.00366833187870924,NA,0,20
"340","sp23","sp28",10,-0.0517253113930682,NA,-0.0347768678138038,0,20
"341","sp25","sp30",7,-0.0419417594185608,NA,-0.0379658833869567,0,20
"342","sp25","sp31",3,0.104665159362966,NA,0.125563607766502,0,20
"343","sp25","sp48",7,NA,-0.00573777084570681,NA,0,20
"344","sp26","sp28",4,0.0314153036812775,-0.00345988007928889,NA,1,20
"345","sp26","sp29",10,-0.00331424988382334,NA,NA,0,20
"346","sp27","sp31",3,-0.00178656436413809,NA,NA,0,20
"347","sp27","sp32",8,NA,-0.000287812038949739,NA,0,20
"348","sp27","sp37",2,NA,-0.0306794435214526,NA,0,20
"349","sp27","sp37",6,0.195536491196516,NA,0.206400603150209,0,20
"350","sp27","sp37",8,NA,-0.098055851192969,NA,0,20
"351","sp27","sp39",7,0.00882352178304346,NA,0.0131624145739229,0,20
"352","sp27","sp47",2,NA,0.000799219472704035,NA,0,20
"353","sp27","sp47",3,0.000880539438990269,NA,NA,0,20
"354","sp28","sp30",3,NA,0.0953390322502137,NA,0,20
"355","sp28","sp30",4,NA,0.0600566160266332,NA,0,20
"356","sp28","sp39",2,0.00619597210530243,NA,NA,0,20
"357","sp28","sp43",1,0.107673822778594,NA,0.0633236306530637,0,20
"358","sp28","sp46",3,-0.000243871596884371,NA,NA,0,20
"359","sp29","sp33",5,-0.0421574493413518,NA,-0.0570922505999701,0,20
"360","sp29","sp34",1,0.0429469331385598,NA,0.0254276360028108,0,20
"361","sp29","sp39",10,NA,NA,0.0223142057156895,0,20
"362","sp30","sp38",1,NA,-0.0502757453556404,NA,0,20
"363","sp31","sp35",3,NA,0.0346162211995571,NA,0,20
"364","sp31","sp37",4,NA,0.000741281904226083,NA,0,20
"365","sp31","sp37",9,NA,0.00235113953122178,NA,0,20
"366","sp31","sp43",9,-0.164345603958989,NA,-0.159935046213196,0,20
"367","sp31","sp44",3,NA,-0.00362988310857788,NA,0,20
"368","sp31","sp45",6,NA,0.00835257509673727,NA,0,20
"369","sp31","sp45",7,NA,0.00217156468553059,NA,0,20
"370","sp31","sp47",4,NA,-0.0497606670572428,NA,0,20
"371","sp31","sp47",5,NA,-0.0283149600707009,NA,0,20
"372","sp31","sp47",9,NA,-0.0807424858560387,NA,0,20
"373","sp32","sp37",8,NA,0.00468041188081791,NA,0,20
"374","sp32","sp37",9,NA,0.012748348003719,NA,0,20
"375","sp32","sp47",9,NA,-0.000371219001128242,NA,0,20
"376","sp32","sp49",8,0.184978102264878,NA,0.199289307569968,0,20
"377","sp33","sp36",10,NA,NA,0.00929522374349296,0,20
"378","sp33","sp38",3,NA,0.00450338681003737,NA,0,20
"379","sp33","sp38",4,NA,0.0443681967561292,NA,0,20
"380","sp33","sp48",2,-0.0119779848785042,NA,NA,0,20
"381","sp33","sp48",3,NA,-0.0538129290622887,NA,0,20
"382","sp35","sp41",10,NA,0.00177079389949753,NA,0,20
"383","sp35","sp44",2,NA,-0.190898672416751,NA,0,20
"384","sp35","sp44",3,NA,-0.167454848078634,NA,0,20
"385","sp35","sp44",4,NA,-0.035638140599344,NA,0,20
"386","sp35","sp44",5,NA,-0.0192016999631518,NA,0,20
"387","sp35","sp44",7,NA,-0.0938538466060922,NA,0,20
"388","sp35","sp44",8,NA,-0.00896701051614401,NA,0,20
"389","sp35","sp44",9,NA,-0.0955710411686665,NA,0,20
"390","sp35","sp44",10,NA,-0.0624432584988705,NA,0,20
"391","sp35","sp48",4,0.00777922382649099,NA,0.0123497272818536,0,20
"392","sp36","sp39",7,NA,NA,0.000472543376860107,0,20
"393","sp36","sp48",5,NA,0.00614576848342918,NA,0,20
"394","sp36","sp48",9,NA,0.0336757894446481,NA,0,20
"395","sp36","sp50",4,0.0614613677491099,NA,0.0673066616467615,0,20
"396","sp36","sp50",8,NA,NA,0.00411206234748429,0,20
"397","sp36","sp50",9,NA,-0.0169942081418021,NA,0,20
"398","sp37","sp47",2,NA,-0.0409517554643239,NA,0,20
"399","sp37","sp47",4,NA,-0.0238174794519994,NA,0,20
"400","sp37","sp47",9,NA,-0.0462761511817346,NA,0,20
"401","sp37","sp47",10,NA,-0.0105586225638332,NA,0,20
"402","sp40","sp46",8,0.0479747865042419,NA,0.0644333677237576,0,20
"403","sp40","sp49",3,0.128965432809118,NA,0.150213003469092,0,20
"404","sp41","sp44",10,NA,-0.0450004096529134,NA,0,20
"405","sp42","sp48",8,-0.0101418084001265,NA,-0.0179433566830843,0,20
"406","sp45","sp49",6,NA,0.00222803289932849,NA,0,20
"407","sp45","sp49",9,NA,0.0437232303294641,NA,0,20
"408","sp45","sp49",10,NA,0.00307162023907048,NA,0,20
"409","sp48","sp50",9,NA,-0.000360112150308022,NA,0,20
"410","sp1","sp5",7,-0.00756405008024874,NA,-0.0129198878848129,0,50
"411","sp1","sp10",4,-0.0324436235792933,NA,-0.036795418150389,0,50
"412","sp1","sp34",6,NA,0.0235204404911764,NA,0,50
"413","sp1","sp34",9,-0.0998666915380322,NA,-0.0994764874081304,0,50
"414","sp1","sp40",6,NA,-0.0125184938033916,NA,0,50
"415","sp1","sp41",10,-0.0445352749544418,NA,-0.0510820007876164,0,50
"416","sp2","sp11",4,NA,0.062841383427771,NA,0,50
"417","sp2","sp11",7,NA,0.0247725496547171,NA,0,50
"418","sp2","sp18",3,0.0261374930703946,NA,0.0254340976478603,0,50
"419","sp2","sp21",4,NA,NA,-0.00711229763323445,0,50
"420","sp2","sp30",2,0.0288632892600278,NA,0.0465182975418929,0,50
"421","sp3","sp24",2,NA,0.0676815804867551,NA,0,50
"422","sp3","sp24",6,NA,0.0107161184498991,NA,0,50
"423","sp3","sp25",2,NA,0.00119253494306861,NA,0,50
"424","sp3","sp27",8,-0.0865158114743973,NA,-0.0859051906093562,0,50
"425","sp3","sp35",7,NA,-0.0522998919635346,NA,0,50
"426","sp3","sp42",2,NA,-0.0417247975773116,NA,0,50
"427","sp3","sp46",7,NA,0.00761515403310281,NA,0,50
"428","sp3","sp50",1,NA,-0.00673102246675694,NA,0,50
"429","sp4","sp7",1,-0.078559209506855,NA,-0.06625631238079,0,50
"430","sp4","sp21",3,NA,NA,-0.000352286879485202,0,50
"431","sp4","sp26",7,NA,0.038221624785437,NA,0,50
"432","sp4","sp30",8,NA,NA,0.0042766489382862,0,50
"433","sp4","sp33",3,-0.00129391447028281,NA,-0.00746836677484132,0,50
"434","sp4","sp36",1,NA,0.00983021191711817,NA,0,50
"435","sp4","sp37",10,0.0666169928553593,NA,0.0676062207621546,0,50
"436","sp5","sp21",10,0.0639803269874012,NA,0.0580388018250767,0,50
"437","sp5","sp28",4,NA,-0.00047173217957962,NA,0,50
"438","sp5","sp30",4,NA,-0.0225070227908826,NA,0,50
"439","sp5","sp36",1,NA,-0.00231918822595513,NA,0,50
"440","sp5","sp50",9,-0.11997385671913,NA,-0.119118961240898,0,50
"441","sp6","sp12",3,NA,0.00531252465424431,NA,0,50
"442","sp6","sp18",3,NA,-0.0281011272336182,NA,0,50
"443","sp6","sp18",6,NA,-0.0590961556787616,NA,0,50
"444","sp6","sp18",8,NA,-0.0309084175968388,NA,0,50
"445","sp6","sp18",9,NA,-0.00160036786556728,NA,0,50
"446","sp6","sp18",10,NA,-0.0690260578190592,NA,0,50
"447","sp6","sp23",5,NA,-0.000346216678960773,NA,0,50
"448","sp6","sp31",5,NA,0.000250715263997951,NA,0,50
"449","sp6","sp47",5,NA,-0.0155874434163257,NA,0,50
"450","sp6","sp50",3,NA,0.0912114636037903,NA,0,50
"451","sp6","sp50",4,NA,0.0738622066944487,NA,0,50
"452","sp6","sp50",6,NA,0.037120677613034,NA,0,50
"453","sp6","sp50",8,NA,0.0256011583841301,NA,0,50
"454","sp6","sp50",10,NA,0.00322758014568747,NA,0,50
"455","sp7","sp18",9,-0.0221027972905429,NA,-0.0198039942566364,0,50
"456","sp7","sp22",9,-0.000210264413841792,NA,NA,0,50
"457","sp7","sp29",9,0.0101358861785816,NA,NA,0,50
"458","sp7","sp35",3,0.0454620437085301,NA,0.0458687809699936,0,50
"459","sp7","sp40",6,-0.000535136953323085,NA,NA,0,50
"460","sp8","sp13",3,NA,-0.0203275993062919,NA,0,50
"461","sp8","sp13",5,NA,NA,0.00207535357656963,0,50
"462","sp8","sp21",5,0.0917839640468013,NA,0.0974321492268223,0,50
"463","sp8","sp47",2,NA,-0.0238053941062293,NA,0,50
"464","sp9","sp15",5,-0.0547097437720967,NA,-0.0607813760123606,0,50
"465","sp9","sp21",10,-0.00298403996243072,NA,NA,0,50
"466","sp9","sp24",9,0.0159827032869546,NA,0.0110707150043537,0,50
"467","sp9","sp41",1,NA,-0.0136420637734075,NA,0,50
"468","sp9","sp47",7,-0.0650720915413437,NA,-0.0675086620903115,0,50
"469","sp10","sp11",3,NA,-0.00158168704412504,NA,0,50
"470","sp10","sp11",9,NA,-0.0700200009836918,NA,0,50
"471","sp10","sp19",7,0.0132706928556783,NA,0.0186326580774573,0,50
"472","sp10","sp22",5,0.0798357284415279,NA,0.0670988845756156,0,50
"473","sp10","sp27",5,-0.00259209272610797,NA,-0.00225459147169018,0,50
"474","sp10","sp31",1,NA,-0.0296663031086262,NA,0,50
"475","sp10","sp31",5,0.000545197786571806,NA,0.00184970066349204,0,50
"476","sp10","sp32",1,-0.0524972603020136,NA,-0.0336725415372473,0,50
"477","sp10","sp34",10,-0.0182183760016646,NA,-0.0156416347278189,0,50
"478","sp10","sp42",8,0.0132856211525524,NA,0.0214845161045364,0,50
"479","sp11","sp27",4,-0.0169413337176871,NA,-0.0265626206756305,0,50
"480","sp12","sp24",1,-0.022264012903176,NA,-0.00587243626229389,0,50
"481","sp12","sp29",10,-0.00278685644125315,NA,-0.0029951336488115,0,50
"482","sp12","sp30",9,-0.0253172466883647,NA,-0.0200122537224846,0,50
"483","sp12","sp36",8,0.0493435150673326,NA,0.0571080895430153,0,50
"484","sp12","sp38",10,-0.0451453461887604,NA,-0.041524562601285,0,50
"485","sp12","sp39",10,-0.00100493169118388,NA,-0.000902995492597309,0,50
"486","sp12","sp44",10,-0.00290606997088919,NA,-0.00276158092162698,0,50
"487","sp12","sp48",1,-0.0818420417678213,NA,-0.0858754600094452,0,50
"488","sp12","sp50",3,NA,0.000347627249375243,NA,0,50
"489","sp13","sp15",4,NA,0.115329353338561,NA,0,50
"490","sp13","sp15",5,NA,0.023384278876,NA,0,50
"491","sp13","sp15",7,NA,0.00910629771183265,NA,0,50
"492","sp13","sp15",10,NA,0.0918539925547504,NA,0,50
"493","sp13","sp23",6,-0.0548336273761135,NA,-0.0348606194568826,0,50
"494","sp13","sp24",4,NA,-0.00124937838159255,NA,0,50
"495","sp13","sp29",2,NA,0.0798266378119202,NA,0,50
"496","sp13","sp29",3,NA,0.00557442334759556,NA,0,50
"497","sp13","sp29",5,NA,0.0669050526204352,NA,0,50
"498","sp13","sp29",6,NA,0.103196759609679,NA,0,50
"499","sp13","sp29",7,NA,0.00457637259834365,NA,0,50
"500","sp13","sp29",9,NA,0.0717008889504369,NA,0,50
"501","sp13","sp30",7,0.000479513753997044,NA,0.00030114232458618,0,50
"502","sp13","sp31",5,NA,-0.000608478677279873,NA,0,50
"503","sp13","sp31",7,NA,-0.00115001711681142,NA,0,50
"504","sp13","sp40",5,NA,0.0342419567701865,NA,0,50
"505","sp13","sp45",7,0.0144501562245378,NA,0.0155631121460387,0,50
"506","sp13","sp46",5,-0.0758847359475541,NA,-0.0784618206711516,0,50
"507","sp13","sp47",7,NA,0.000626718533178232,NA,0,50
"508","sp14","sp23",2,-0.0220548168073159,NA,-0.0350488769823359,0,50
"509","sp14","sp32",2,NA,-0.0094867639499262,NA,0,50
"510","sp14","sp32",5,0.00579193646625059,NA,0.00791876930787953,0,50
"511","sp14","sp32",8,NA,-0.0342299567446304,NA,0,50
"512","sp14","sp37",7,-0.0530409093744175,NA,-0.0744005405061294,0,50
"513","sp14","sp47",8,NA,0.000277980914380644,NA,0,50
"514","sp15","sp24",4,NA,-0.0151429665677793,NA,0,50
"515","sp15","sp25",4,NA,-0.00047183496306729,NA,0,50
"516","sp15","sp29",5,NA,0.0011225330093177,NA,0,50
"517","sp15","sp31",2,NA,-0.0275432629491215,NA,0,50
"518","sp15","sp31",3,NA,-0.0684473298059795,NA,0,50
"519","sp15","sp31",4,NA,-0.00222583188781518,NA,0,50
"520","sp15","sp31",5,NA,-0.036266459501774,NA,0,50
"521","sp15","sp31",7,NA,-0.175844335924256,NA,0,50
"522","sp15","sp31",8,NA,-0.0196293936125794,NA,0,50
"523","sp15","sp31",9,NA,-0.0469402394154139,NA,0,50
"524","sp15","sp35",3,NA,-0.00209151001116526,NA,0,50
"525","sp15","sp35",5,NA,-0.00123719931519745,NA,0,50
"526","sp15","sp37",9,-0.00793031734033856,NA,-0.0117491464400293,0,50
"527","sp15","sp40",5,NA,0.000574511569346314,NA,0,50
"528","sp15","sp42",4,NA,0.000342475305491456,NA,0,50
"529","sp15","sp47",3,NA,0.0371114916611566,NA,0,50
"530","sp15","sp47",5,NA,0.00058332561186622,NA,0,50
"531","sp15","sp47",7,NA,0.0958289252108774,NA,0,50
"532","sp15","sp47",9,NA,0.00464156155160873,NA,0,50
"533","sp16","sp48",3,0.0273557442396182,NA,0.0301672082702839,0,50
"534","sp17","sp32",4,NA,0.0108853409458104,NA,0,50
"535","sp17","sp32",8,NA,0.00762741045623897,NA,0,50
"536","sp17","sp32",10,NA,0.014357377380568,NA,0,50
"537","sp17","sp47",8,0.0106376380731934,NA,0.00573596341630352,0,50
"538","sp18","sp20",7,NA,-0.00408861520166592,NA,0,50
"539","sp18","sp22",10,-0.0845693281168671,NA,-0.0923571897917992,0,50
"540","sp18","sp50",2,NA,-0.0104880532217949,NA,0,50
"541","sp18","sp50",3,NA,-0.0285781522638993,NA,0,50
"542","sp18","sp50",6,NA,-0.00157104281343496,NA,0,50
"543","sp18","sp50",8,NA,-0.000568445681612204,NA,0,50
"544","sp19","sp34",4,NA,-0.00842436550343583,NA,0,50
"545","sp19","sp34",10,NA,-0.00837683033173231,NA,0,50
"546","sp19","sp40",4,NA,0.000375560132329898,NA,0,50
"547","sp19","sp49",2,NA,0.054039779831281,NA,0,50
"548","sp19","sp49",4,NA,0.0248776217649447,NA,0,50
"549","sp19","sp49",6,NA,0.0101916747915808,NA,0,50
"550","sp19","sp49",10,NA,0.0250522174013952,NA,0,50
"551","sp20","sp27",2,NA,0.00539061004937859,NA,0,50
"552","sp20","sp27",4,NA,0.027325152492638,NA,0,50
"553","sp20","sp29",6,0.12148798377271,NA,0.122579225468675,0,50
"554","sp20","sp32",8,0.0117537806888595,NA,0.0110084324424095,0,50
"555","sp20","sp36",4,NA,-0.041920485468687,NA,0,50
"556","sp20","sp36",9,NA,-0.0319273887581657,NA,0,50
"557","sp20","sp36",10,NA,-0.0378835559990052,NA,0,50
"558","sp20","sp45",4,-0.0401716228126375,NA,-0.0344309577279073,0,50
"559","sp20","sp49",1,0.0293704383449715,NA,0.023018097677461,0,50
"560","sp20","sp49",6,-0.0016470342717542,NA,-0.0003688877423317,0,50
"561","sp21","sp22",10,NA,NA,-0.000922156859456296,0,50
"562","sp21","sp33",3,0.0442724924835971,NA,0.0644620883017632,0,50
"563","sp21","sp40",1,NA,-0.0432404584142257,NA,0,50
"564","sp21","sp40",2,0.0233570576979963,NA,0.0336643597347472,0,50
"565","sp21","sp43",3,NA,0.0249814924107782,NA,0,50
"566","sp21","sp43",4,NA,0.0103299982921428,NA,0,50
"567","sp21","sp43",6,NA,0.0251975872852229,NA,0,50
"568","sp21","sp43",10,NA,0.0279059127644604,NA,0,50
"569","sp21","sp44",9,0.0190195058484522,NA,0.020735287202896,0,50
"570","sp22","sp24",8,-0.0372328151322975,NA,-0.00723575145034733,0,50
"571","sp22","sp27",5,-0.00693590977114249,NA,-0.0042103389479487,0,50
"572","sp22","sp29",9,-0.0285199157020117,NA,-0.00937513986732624,0,50
"573","sp22","sp31",5,0.00937571097373202,NA,0.0378819460304598,0,50
"574","sp22","sp32",4,-0.141500723344383,NA,-0.141272924704974,0,50
"575","sp22","sp32",5,NA,NA,-0.000548090081545619,0,50
"576","sp22","sp44",2,NA,0.0148497769279665,NA,0,50
"577","sp22","sp46",2,NA,0.00030782985617893,NA,0,50
"578","sp22","sp47",2,-0.0251688737367332,NA,-0.0303525922950715,0,50
"579","sp22","sp48",5,NA,-0.0692401395134108,NA,0,50
"580","sp22","sp48",7,NA,-0.00606130050398118,NA,0,50
"581","sp23","sp27",2,NA,0.00505280076421043,NA,0,50
"582","sp23","sp31",5,NA,-0.000497923655246184,NA,0,50
"583","sp23","sp39",4,-0.0664988625211812,NA,-0.0622576525921485,0,50
"584","sp23","sp44",4,-0.00144045901269804,NA,-0.00131662690167878,0,50
"585","sp23","sp47",5,NA,0.030956857903408,NA,0,50
"586","sp24","sp25",2,NA,0.0245356239351997,NA,0,50
"587","sp24","sp25",4,NA,0.0435547965090351,NA,0,50
"588","sp24","sp25",7,NA,0.0234622309688352,NA,0,50
"589","sp24","sp25",8,NA,0.0583926977912576,NA,0,50
"590","sp24","sp29",6,-0.00132681934921576,NA,-0.00024732014273441,0,50
"591","sp24","sp39",5,-0.000424377323104241,NA,NA,0,50
"592","sp24","sp42",2,NA,-0.00202800137607357,NA,0,50
"593","sp24","sp42",4,NA,-0.0316136857325741,NA,0,50
"594","sp24","sp48",1,0.00133320292469076,NA,0.00036786690803895,0,50
"595","sp24","sp49",6,0.0978683991773658,NA,0.082183027680888,0,50
"596","sp25","sp26",9,-0.0377218673559686,NA,-0.039287798716425,0,50
"597","sp25","sp28",8,NA,NA,0.0292443226782108,0,50
"598","sp25","sp42",4,NA,-0.000985040954378697,NA,0,50
"599","sp26","sp28",1,-0.0849172197943777,NA,-0.0766068838602882,0,50
"600","sp26","sp36",1,0.00516035192201246,NA,0.00467978514537298,0,50
"601","sp27","sp36",4,NA,-0.000819468122767651,NA,0,50
"602","sp27","sp36",6,0.0592620588225029,NA,0.0354777058756945,0,50
"603","sp27","sp39",1,NA,-0.000819095052049666,NA,0,50
"604","sp27","sp39",6,-0.0201241609131864,NA,-0.0193930123717324,0,50
"605","sp27","sp40",6,0.000829179556685034,NA,0.000532174324548227,0,50
"606","sp27","sp49",1,NA,-0.0564857232431995,NA,0,50
"607","sp28","sp30",2,NA,0.0203010211302163,NA,0,50
"608","sp28","sp30",3,NA,0.0756272937291682,NA,0,50
"609","sp28","sp30",4,NA,0.0292977511449455,NA,0,50
"610","sp28","sp36",1,-0.0830552703602798,NA,-0.0837442088086545,0,50
"611","sp28","sp36",3,0.00109675818207489,NA,0.0165841335294779,0,50
"612","sp28","sp46",2,NA,0.00919769417003301,NA,0,50
"613","sp29","sp38",10,0.0854998442243333,NA,0.0997654277604117,0,50
"614","sp29","sp39",10,0.00190321949671325,NA,0.00216950464836218,0,50
"615","sp29","sp40",4,-0.0200061593982357,NA,-0.023535569694454,0,50
"616","sp29","sp40",5,NA,0.00164374223306128,NA,0,50
"617","sp29","sp44",10,0.00550374625054704,NA,0.0066348754732598,0,50
"618","sp29","sp46",8,0.0414028264435184,NA,0.0542018891079492,0,50
"619","sp29","sp49",6,-0.0187027390436002,NA,-0.0041618380512946,0,50
"620","sp30","sp38",1,NA,-0.008427158903616,NA,0,50
"621","sp30","sp45",7,0.0454635218902596,NA,0.0264283568430612,0,50
"622","sp30","sp47",8,-0.0140137278591494,NA,-0.0223026268661393,0,50
"623","sp30","sp49",1,NA,0.00211781059113458,NA,0,50
"624","sp31","sp32",5,-0.0259945952240312,NA,-0.0198822619489359,0,50
"625","sp31","sp35",3,NA,0.0425931743666828,NA,0,50
"626","sp31","sp35",5,NA,0.047546471046618,NA,0,50
"627","sp31","sp39",2,0.00414094677578872,NA,0.00401747857764667,0,50
"628","sp31","sp42",2,-0.0849533206928309,NA,-0.0852090991155762,0,50
"629","sp31","sp44",6,NA,-0.0161883557790028,NA,0,50
"630","sp31","sp45",6,NA,0.017930192436756,NA,0,50
"631","sp31","sp47",3,NA,-0.0302033663658767,NA,0,50
"632","sp31","sp47",4,NA,-0.0418577258704201,NA,0,50
"633","sp31","sp47",5,NA,-0.0224176282468453,NA,0,50
"634","sp31","sp47",7,NA,-0.0121020537396829,NA,0,50
"635","sp31","sp47",9,NA,-0.137665728510339,NA,0,50
"636","sp31","sp50",10,0.0122648798564113,NA,0.0112770315150275,0,50
"637","sp32","sp47",8,NA,-0.0113046219946969,NA,0,50
"638","sp32","sp49",2,-0.0498747622200475,NA,-0.0519743861359414,0,50
"639","sp34","sp40",2,NA,-0.0683048218314434,NA,0,50
"640","sp34","sp40",4,NA,-0.0623159350263242,NA,0,50
"641","sp34","sp40",6,NA,-0.0493794392989938,NA,0,50
"642","sp34","sp43",4,NA,0.000593171757343295,NA,0,50
"643","sp35","sp39",4,0.000693185571645128,NA,0.000657511829904127,0,50
"644","sp35","sp44",4,0.0320009466594652,NA,0.0310909210720243,0,50
"645","sp35","sp46",7,NA,-0.000286031300007293,NA,0,50
"646","sp35","sp47",3,NA,-0.000922908801617046,NA,0,50
"647","sp35","sp47",5,NA,-0.000764758255875274,NA,0,50
"648","sp36","sp37",5,-0.10810788085163,NA,-0.0956201164894738,0,50
"649","sp36","sp39",6,-0.000864487292717857,NA,-0.000497499877761942,0,50
"650","sp36","sp40",6,0.0193022418781813,NA,0.0207446548656652,0,50
"651","sp36","sp40",10,-0.0147287278232793,NA,-0.0226693665963001,0,50
"652","sp36","sp45",4,0.00190031880339648,NA,NA,0,50
"653","sp37","sp39",3,0.014549616352221,NA,0.015412027916508,0,50
"654","sp38","sp39",4,NA,0.040279413742787,NA,0,50
"655","sp38","sp39",9,NA,0.00553697607189107,NA,0,50
"656","sp38","sp39",10,0.030830975639813,NA,0.0300780339534504,0,50
"657","sp38","sp44",10,0.0891572763264382,NA,0.0919859793396988,0,50
"658","sp39","sp42",2,-0.0666273393686421,NA,-0.0644987956511552,0,50
"659","sp39","sp44",4,0.0296721958454859,NA,0.0289563743978505,0,50
"660","sp39","sp44",10,0.00198463363433866,NA,0.00200033232194303,0,50
"661","sp39","sp49",1,NA,0.0200000123851386,NA,0,50
"662","sp40","sp43",4,NA,-0.0133057139456585,NA,0,50
"663","sp40","sp48",7,0.0189224823294789,NA,0.0294437341657081,0,50
"664","sp41","sp42",9,0.0835804255725206,NA,0.0920528237776139,0,50
"665","sp41","sp43",4,-0.0131099674298869,NA,-0.0180181149529466,0,50
"666","sp41","sp49",7,NA,0.0281001490427097,NA,0,50
"667","sp44","sp45",6,NA,-0.000207874197747831,NA,0,50
"668","sp44","sp46",2,NA,0.0288660456730797,NA,0,50
"669","sp1","sp2",9,-0.00138661373462279,NA,NA,0,75
"670","sp1","sp4",5,0.0176942851250667,NA,0.00624170988045364,0,75
"671","sp1","sp16",6,-0.0713583691080583,NA,-0.0664718416724048,0,75
"672","sp1","sp19",6,-0.00101711016824068,NA,NA,0,75
"673","sp1","sp19",7,0.0131692867293297,NA,0.00581880415990414,0,75
"674","sp1","sp21",2,NA,-0.00597927225200368,NA,0,75
"675","sp1","sp25",7,-0.000433858720515973,NA,NA,0,75
"676","sp1","sp39",6,-0.0152753569517426,NA,-0.00284931148447923,0,75
"677","sp1","sp44",8,-0.00679328913913407,NA,-0.00813164536190364,0,75
"678","sp2","sp6",8,NA,0.020295249998421,NA,0,75
"679","sp2","sp13",1,NA,-0.0486225449136275,NA,0,75
"680","sp2","sp15",8,NA,0.00192220179339934,NA,0,75
"681","sp2","sp20",2,NA,-0.0824640257267357,NA,0,75
"682","sp2","sp20",3,NA,-0.0586876352723805,NA,0,75
"683","sp2","sp20",4,NA,-0.0629145170458391,NA,0,75
"684","sp2","sp20",5,NA,-0.0438119098608359,NA,0,75
"685","sp2","sp20",6,NA,-0.0353732556060911,NA,0,75
"686","sp2","sp20",7,NA,-0.0329839649105181,NA,0,75
"687","sp2","sp20",8,NA,-0.0287057490849149,NA,0,75
"688","sp2","sp20",10,NA,-0.0443305638814062,NA,0,75
"689","sp2","sp31",8,NA,-0.0264668539451135,NA,0,75
"690","sp2","sp39",1,NA,0.0304696298523054,NA,0,75
"691","sp3","sp8",5,-0.0322072336829444,NA,-0.0194179894807698,0,75
"692","sp3","sp16",2,NA,-0.0125860774672761,NA,0,75
"693","sp3","sp16",5,NA,-0.0189985780043014,NA,0,75
"694","sp3","sp16",9,NA,-0.0548713893835118,NA,0,75
"695","sp3","sp17",2,-0.00428162350612911,NA,-0.0103166244479001,0,75
"696","sp3","sp24",2,0.0002022051593962,0.0549753196381784,0.000425570177655065,3,75
"697","sp3","sp24",3,NA,0.0475548344565195,NA,0,75
"698","sp3","sp24",5,NA,0.0361931657278541,NA,0,75
"699","sp3","sp24",6,NA,0.0477346935036568,NA,0,75
"700","sp3","sp37",1,-0.106542958658314,NA,-0.0978670552116538,0,75
"701","sp3","sp40",2,NA,-0.00069547790596042,NA,0,75
"702","sp3","sp42",2,NA,-0.0229200998693624,NA,0,75
"703","sp3","sp42",3,NA,-0.00107914082395975,NA,0,75
"704","sp3","sp42",5,NA,-0.000240952445045004,NA,0,75
"705","sp3","sp42",6,NA,-0.000267268743708661,NA,0,75
"706","sp4","sp19",4,-0.107976909007008,NA,-0.107009475139971,0,75
"707","sp4","sp23",3,0.0335153565724001,NA,0.0313789990757449,0,75
"708","sp4","sp32",1,-0.0160836140151956,NA,-0.0130478803256365,0,75
"709","sp4","sp37",7,0.00411681464140864,NA,NA,0,75
"710","sp4","sp40",2,0.0425103922737949,NA,0.0473701795872445,0,75
"711","sp4","sp47",7,-0.0120805658800852,NA,-0.00442284016997802,0,75
"712","sp5","sp7",10,-0.0290456628696073,NA,-0.0245963250396994,0,75
"713","sp5","sp8",6,-0.0392259848660674,NA,-0.0387712048349657,0,75
"714","sp5","sp13",5,NA,NA,-0.000931640356158392,0,75
"715","sp5","sp14",1,0.0663682522338918,NA,0.0624619756235711,0,75
"716","sp5","sp19",1,-0.00342585744352132,NA,-0.00262711754364782,0,75
"717","sp5","sp26",1,-0.00133018423457963,NA,-0.00161932861163267,0,75
"718","sp5","sp27",10,NA,NA,-0.000782022733618937,0,75
"719","sp5","sp30",2,NA,-0.0287860472514847,NA,0,75
"720","sp5","sp30",4,NA,-0.0590347732260274,NA,0,75
"721","sp5","sp30",6,NA,-0.00789034006694794,NA,0,75
"722","sp5","sp32",10,-0.000248630595930131,NA,-0.000204834730232153,0,75
"723","sp5","sp33",1,-0.0513507622401659,NA,-0.0424927648128832,0,75
"724","sp6","sp14",8,NA,NA,-0.00108213526017015,0,75
"725","sp6","sp20",8,NA,-0.000436632885864333,NA,0,75
"726","sp6","sp23",6,0.00052883427294087,NA,NA,0,75
"727","sp6","sp31",8,NA,-0.000402577852388379,NA,0,75
"728","sp6","sp40",7,0.00487946527334685,NA,NA,0,75
"729","sp6","sp47",5,NA,-0.00289286332384152,NA,0,75
"730","sp6","sp47",7,NA,-0.00311492887046243,NA,0,75
"731","sp6","sp50",3,NA,0.0457452119297135,NA,0,75
"732","sp6","sp50",6,NA,0.00394682689600145,NA,0,75
"733","sp7","sp10",2,-0.0393683640750436,NA,-0.0321797409983784,0,75
"734","sp7","sp13",3,0.00101014670987631,NA,0.000914842199696552,0,75
"735","sp7","sp16",4,NA,NA,-0.00770604897552133,0,75
"736","sp7","sp22",5,-0.00512814516856217,NA,-0.00325039643051622,0,75
"737","sp7","sp22",9,-0.0574753248724668,NA,-0.0696705901365534,0,75
"738","sp7","sp32",3,-0.0625464011933292,NA,-0.061996488458935,0,75
"739","sp7","sp32",8,NA,NA,-0.00236693756530876,0,75
"740","sp7","sp32",10,0.0112332993893871,NA,0.0109129696633363,0,75
"741","sp7","sp43",4,-0.061452174634715,NA,-0.0702523210316451,0,75
"742","sp7","sp43",5,0.0987664745847435,NA,0.093666336956966,0,75
"743","sp7","sp43",7,0.00952743612133783,NA,0.0144295090333924,0,75
"744","sp8","sp13",2,NA,-0.0290598635159283,NA,0,75
"745","sp8","sp20",7,-0.0541158794300631,NA,-0.0464909899596154,0,75
"746","sp8","sp23",10,-0.139948576824161,NA,-0.149627506856521,0,75
"747","sp8","sp29",2,NA,-0.00125889301381926,NA,0,75
"748","sp8","sp30",10,-0.000810686995236673,NA,-0.00100544504093042,0,75
"749","sp8","sp40",4,NA,0.000696753591430843,NA,0,75
"750","sp8","sp42",6,NA,0.00719235906067944,NA,0,75
"751","sp8","sp42",7,NA,0.0094799718752902,NA,0,75
"752","sp8","sp43",4,NA,-0.0209440740326537,NA,0,75
"753","sp8","sp49",9,-0.0116736242252667,NA,-0.0132084953849761,0,75
"754","sp9","sp10",1,-0.00607619708816465,NA,-0.0114646160961343,0,75
"755","sp9","sp11",8,-0.0228189035314989,NA,-0.0204669674542646,0,75
"756","sp9","sp12",8,-0.0933039568942308,NA,-0.0882805331663864,0,75
"757","sp9","sp17",8,0.00440813944459139,NA,0.00384633908930963,0,75
"758","sp9","sp25",8,0.00473120045971753,NA,0.00423536551076388,0,75
"759","sp9","sp27",2,NA,0.00486482313449665,NA,0,75
"760","sp9","sp27",4,NA,0.0236646049494341,NA,0,75
"761","sp9","sp27",5,NA,0.045746836356654,NA,0,75
"762","sp9","sp27",7,NA,0.0365613751716187,NA,0,75
"763","sp9","sp27",9,NA,0.0544659577830471,NA,0,75
"764","sp9","sp28",10,-0.000540300033737405,NA,-0.00030551869156486,0,75
"765","sp9","sp35",2,NA,0.00497144287397766,NA,0,75
"766","sp9","sp39",2,-0.031016480260637,NA,-0.0381406615914878,0,75
"767","sp9","sp41",1,NA,-0.054150455207921,NA,0,75
"768","sp9","sp41",7,0.0301670566060508,NA,0.0286886624007602,0,75
"769","sp9","sp42",5,NA,-0.0053214531416133,NA,0,75
"770","sp9","sp42",6,NA,-0.00792394125332619,NA,0,75
"771","sp9","sp42",9,NA,-0.0566343790463826,NA,0,75
"772","sp9","sp43",5,-0.000386288585426509,NA,NA,0,75
"773","sp9","sp45",10,-0.0422803497962866,NA,-0.0396253411653711,0,75
"774","sp10","sp33",3,NA,-0.00954503519781713,NA,0,75
"775","sp10","sp45",3,NA,NA,-0.01058861462007,0,75
"776","sp11","sp12",4,0.00991153297853237,NA,0.013548780065714,0,75
"777","sp11","sp12",5,-0.0346659971340045,NA,-0.0333984436729289,0,75
"778","sp11","sp12",8,0.0016389018631925,NA,0.00139108400696215,0,75
"779","sp11","sp15",1,-0.0103459204696384,NA,-0.00710566599385892,0,75
"780","sp11","sp17",4,0.0881337504411007,NA,0.0886838053827589,0,75
"781","sp11","sp18",4,-0.000930456886477138,NA,-0.00677539235199098,0,75
"782","sp11","sp20",1,0.0458516533795381,NA,0.0480582955571595,0,75
"783","sp11","sp21",9,-0.0164272838329242,NA,-0.00493532458817969,0,75
"784","sp11","sp27",6,0.0258073607661918,NA,0.0218317594724844,0,75
"785","sp11","sp29",4,-0.0036068050166533,NA,-0.00437836932923326,0,75
"786","sp11","sp35",4,0.0639978413222084,NA,0.0685174854371096,0,75
"787","sp11","sp36",2,NA,0.0229158434761334,NA,0,75
"788","sp11","sp38",9,-0.0195839308985905,NA,-0.0193542835951042,0,75
"789","sp11","sp42",9,0.000306159410563448,NA,0.000282510797907239,0,75
"790","sp12","sp14",8,0.000237261092259929,NA,NA,0,75
"791","sp12","sp17",4,0.000668032321487906,NA,0.000920821167496364,0,75
"792","sp12","sp17",8,-0.0613757974157061,NA,-0.0565910445127474,0,75
"793","sp12","sp25",8,-0.0658738691456335,NA,-0.0623147758380332,0,75
"794","sp12","sp26",8,-0.000337582671343519,NA,NA,0,75
"795","sp12","sp35",4,0.000485088020136632,NA,0.000711430352608439,0,75
"796","sp12","sp38",10,-0.0072848811668057,NA,-0.00945133414808014,0,75
"797","sp12","sp50",7,NA,0.00257604203968931,NA,0,75
"798","sp13","sp15",4,NA,0.082237203590502,NA,0,75
"799","sp13","sp15",7,NA,0.00705069118020597,NA,0,75
"800","sp13","sp15",9,-0.00612617851092495,0.0133109591662647,-0.00317424836047575,3,75
"801","sp13","sp22",6,-0.0373326643308346,NA,-0.0267936072982861,0,75
"802","sp13","sp29",2,NA,0.0575938960381417,NA,0,75
"803","sp13","sp29",5,NA,0.0140882393620331,NA,0,75
"804","sp13","sp29",6,NA,0.0876640661720206,NA,0,75
"805","sp13","sp29",9,NA,0.062583459843122,NA,0,75
"806","sp13","sp31",4,NA,-0.00570508147232428,NA,0,75
"807","sp13","sp31",7,NA,-0.000461994136315558,NA,0,75
"808","sp13","sp31",9,NA,-0.000475487688433687,NA,0,75
"809","sp13","sp32",3,-0.0211172044747191,NA,-0.0192545944343434,0,75
"810","sp13","sp39",1,NA,-0.00113270882038128,NA,0,75
"811","sp13","sp45",9,NA,-0.000945524618606685,NA,0,75
"812","sp13","sp47",7,NA,0.000200210358691846,NA,0,75
"813","sp14","sp17",9,0.000915037875045759,NA,0.00101463598957611,0,75
"814","sp14","sp19",9,0.0151889125496564,NA,0.0168276888775879,0,75
"815","sp14","sp25",8,-0.00467902362484559,NA,NA,0,75
"816","sp14","sp26",1,-0.0261263079599817,NA,-0.0338516104940745,0,75
"817","sp14","sp32",8,NA,-0.0142673406165805,NA,0,75
"818","sp14","sp32",9,-0.000498292127704157,NA,-0.000568525661279778,0,75
"819","sp14","sp33",1,-0.00261445185711436,NA,-0.0020326876282915,0,75
"820","sp14","sp46",3,NA,-0.0458026368540664,NA,0,75
"821","sp15","sp20",1,-0.00036391294953448,NA,-0.000261524927959515,0,75
"822","sp15","sp22",5,NA,0.000443373570219686,NA,0,75
"823","sp15","sp22",10,NA,0.000458037083374875,NA,0,75
"824","sp15","sp29",9,NA,0.000628236901700519,NA,0,75
"825","sp15","sp31",2,NA,-0.115644696906966,NA,0,75
"826","sp15","sp31",3,NA,-0.0608676475819255,NA,0,75
"827","sp15","sp31",4,NA,-0.0924925973002897,NA,0,75
"828","sp15","sp31",5,NA,-0.0524745532401362,NA,0,75
"829","sp15","sp31",6,NA,-0.0730515476360854,NA,0,75
"830","sp15","sp31",7,NA,-0.087558524806042,NA,0,75
"831","sp15","sp31",8,NA,-0.0969044017523776,NA,0,75
"832","sp15","sp31",9,NA,-0.0473669480007117,NA,0,75
"833","sp15","sp31",10,NA,-0.0485518025668993,NA,0,75
"834","sp15","sp32",2,NA,-0.0255718345823007,NA,0,75
"835","sp15","sp37",4,NA,-0.00101566186534915,NA,0,75
"836","sp15","sp40",10,-0.0235173932616312,NA,-0.028777545443504,0,75
"837","sp15","sp45",3,NA,-0.0875402834051848,NA,0,75
"838","sp15","sp45",5,NA,-0.0277899692456722,NA,0,75
"839","sp15","sp45",6,NA,-0.00941447185302147,NA,0,75
"840","sp15","sp45",7,NA,-0.0290428827320568,NA,0,75
"841","sp15","sp45",9,NA,-0.0941909044805889,NA,0,75
"842","sp15","sp45",10,NA,-0.048314354847204,NA,0,75
"843","sp15","sp47",3,NA,0.0471869033848885,NA,0,75
"844","sp15","sp47",4,NA,0.00297933748894101,NA,0,75
"845","sp15","sp47",5,NA,0.00185647180441145,NA,0,75
"846","sp15","sp47",6,NA,0.00099939143831411,NA,0,75
"847","sp15","sp47",7,NA,0.0379444721911868,NA,0,75
"848","sp15","sp47",9,NA,0.00408746992863766,NA,0,75
"849","sp16","sp24",2,NA,-0.000520447538343192,NA,0,75
"850","sp16","sp24",4,-0.0294556385584352,NA,-0.0211106915655505,0,75
"851","sp16","sp24",5,NA,-0.000515058887761926,NA,0,75
"852","sp16","sp31",8,-0.00370158024077564,NA,-0.0034645065444583,0,75
"853","sp16","sp36",8,0.00271672743926267,NA,0.00312588943161319,0,75
"854","sp16","sp37",5,-0.0998768052228547,NA,-0.101288866020698,0,75
"855","sp16","sp39",6,0.000833522898191048,NA,NA,0,75
"856","sp16","sp42",2,NA,0.000216982995898867,NA,0,75
"857","sp16","sp43",4,NA,NA,0.000414880691197944,0,75
"858","sp16","sp43",8,-0.165169452380939,NA,-0.16504260610707,0,75
"859","sp17","sp18",4,NA,NA,-0.000460478704765031,0,75
"860","sp17","sp19",9,0.078377769353852,NA,0.0784655022628422,0,75
"861","sp17","sp24",2,-0.0611614388820309,NA,-0.0533569517589504,0,75
"862","sp17","sp25",8,0.0031122067124966,NA,0.00271502390788296,0,75
"863","sp17","sp26",8,0.00714537264784615,NA,NA,0,75
"864","sp17","sp29",4,-0.0535138281783606,NA,-0.0644224581082771,0,75
"865","sp17","sp32",9,-0.00257128516135411,NA,-0.00265096721755096,0,75
"866","sp17","sp35",4,0.00431342221241543,NA,0.00465668131212589,0,75
"867","sp18","sp23",9,-0.0153718308881869,NA,-0.0134641718710616,0,75
"868","sp18","sp35",4,NA,NA,-0.00035576780689173,0,75
"869","sp19","sp25",7,-0.0430831419375712,NA,-0.0328007592306526,0,75
"870","sp19","sp28",10,0.0284302544039627,NA,0.0210594952284346,0,75
"871","sp19","sp30",5,0.0352954616179936,NA,0.0358019121554744,0,75
"872","sp19","sp32",9,-0.0426813213019006,NA,-0.0439661633627149,0,75
"873","sp19","sp33",1,0.0869659046542672,NA,0.0807280713908369,0,75
"874","sp19","sp34",10,NA,-0.0144606820316673,NA,0,75
"875","sp19","sp39",6,0.0870753796523083,NA,0.0760138050631378,0,75
"876","sp19","sp45",10,0.000363309846953375,NA,NA,0,75
"877","sp19","sp49",2,NA,0.00469376988490805,NA,0,75
"878","sp19","sp49",10,NA,0.0504805432075827,NA,0,75
"879","sp20","sp22",7,NA,-0.000460058589690886,NA,0,75
"880","sp20","sp23",2,NA,0.00227998112447036,NA,0,75
"881","sp20","sp23",9,NA,0.00243217490105063,NA,0,75
"882","sp20","sp26",10,NA,NA,-0.00605123302464688,0,75
"883","sp20","sp31",8,NA,0.000569409039982449,NA,0,75
"884","sp20","sp44",7,-0.00187245319040114,NA,NA,0,75
"885","sp21","sp23",1,0.0531746076873257,NA,0.0268966864019688,0,75
"886","sp21","sp37",7,-0.0132993355343837,NA,-0.0107626262030918,0,75
"887","sp21","sp38",9,0.000247277794096518,NA,NA,0,75
"888","sp21","sp40",3,-0.0165171600790995,NA,-0.0136864709562217,0,75
"889","sp21","sp48",5,-0.000775150869355534,NA,-0.00207626186420862,0,75
"890","sp22","sp31",5,NA,-0.0112800710021832,NA,0,75
"891","sp22","sp31",10,NA,-0.0126790690688391,NA,0,75
"892","sp22","sp43",5,-0.068123057647053,NA,-0.0456829310819855,0,75
"893","sp22","sp44",2,NA,0.0305701382481508,NA,0,75
"894","sp22","sp47",5,NA,0.000399072168780182,NA,0,75
"895","sp22","sp48",4,NA,-0.051622444268352,NA,0,75
"896","sp22","sp48",5,NA,-0.0589147447766176,NA,0,75
"897","sp22","sp48",7,NA,-0.0682726835630856,NA,0,75
"898","sp22","sp48",8,NA,-0.0177686341654181,NA,0,75
"899","sp23","sp30",10,0.0076018408845151,NA,0.00880554972857411,0,75
"900","sp23","sp31",2,0.10356838492951,NA,0.103007202951271,0,75
"901","sp23","sp38",1,-0.000230074107976874,NA,-0.00269496895160964,0,75
"902","sp23","sp50",2,NA,NA,-0.00447243975023021,0,75
"903","sp24","sp25",8,NA,0.0398001398226731,NA,0,75
"904","sp24","sp40",2,NA,-0.00225027284097095,NA,0,75
"905","sp24","sp41",4,NA,NA,-0.00184132211771787,0,75
"906","sp24","sp42",2,NA,-0.0741597652583144,NA,0,75
"907","sp24","sp42",3,NA,-0.0303217556985284,NA,0,75
"908","sp24","sp42",4,NA,-0.138298227166757,NA,0,75
"909","sp24","sp42",5,NA,-0.00888782609383998,NA,0,75
"910","sp24","sp42",6,NA,-0.00748409711396126,NA,0,75
"911","sp24","sp47",8,NA,-0.000500582946719735,NA,0,75
"912","sp25","sp26",5,NA,-0.0055001102289009,NA,0,75
"913","sp25","sp33",9,NA,0.0204287741252523,NA,0,75
"914","sp25","sp46",6,0.0704812330213717,NA,0.0468039716040777,0,75
"915","sp25","sp47",8,NA,-0.0167817906902806,NA,0,75
"916","sp27","sp42",9,NA,-0.00232626834416385,NA,0,75
"917","sp27","sp45",5,-0.067820968028183,NA,-0.0597440065660568,0,75
"918","sp28","sp31",6,-0.098501441046805,NA,-0.0905139081584152,0,75
"919","sp28","sp34",2,-0.0272931058923239,NA,-0.0192619770941144,0,75
"920","sp28","sp45",10,0.0167699002027194,NA,0.0101035582184157,0,75
"921","sp28","sp46",2,NA,0.0161180377270069,NA,0,75
"922","sp29","sp34",9,-0.0704031680054708,NA,-0.0630037654149396,0,75
"923","sp29","sp35",4,NA,NA,-0.000229902974337065,0,75
"924","sp29","sp42",8,0.0254895627834097,NA,0.0391322941029685,0,75
"925","sp30","sp34",7,0.0142909223535569,NA,0.00655090833496813,0,75
"926","sp30","sp47",8,NA,NA,-0.00613567396723286,0,75
"927","sp31","sp32",2,NA,0.0022243667968851,NA,0,75
"928","sp31","sp36",8,-0.000478867832840373,NA,-0.000516402030736172,0,75
"929","sp31","sp37",4,NA,0.014640490588084,NA,0,75
"930","sp31","sp43",8,0.0291138288552635,NA,0.0272653076240438,0,75
"931","sp31","sp45",3,NA,0.00398771001860436,NA,0,75
"932","sp31","sp45",5,NA,0.00109231031244078,NA,0,75
"933","sp31","sp45",6,NA,0.00105324894315397,NA,0,75
"934","sp31","sp45",7,NA,0.0019030249915926,NA,0,75
"935","sp31","sp45",9,NA,0.00336464223828759,NA,0,75
"936","sp31","sp45",10,NA,0.00174537783958758,NA,0,75
"937","sp31","sp47",3,NA,-0.0450241355937198,NA,0,75
"938","sp31","sp47",4,NA,-0.0429463426300565,NA,0,75
"939","sp31","sp47",5,NA,-0.0472313533640183,NA,0,75
"940","sp31","sp47",6,NA,-0.0182865418331213,NA,0,75
"941","sp31","sp47",7,NA,-0.0078650958382625,NA,0,75
"942","sp31","sp47",9,NA,-0.114425981233456,NA,0,75
"943","sp31","sp48",5,NA,0.000497788720766299,NA,0,75
"944","sp31","sp50",2,NA,NA,-0.000356167795180877,0,75
"945","sp33","sp38",4,NA,0.0655438459079605,NA,0,75
"946","sp33","sp38",8,NA,0.0168602139049185,NA,0,75
"947","sp34","sp40",2,NA,-0.032975812351449,NA,0,75
"948","sp34","sp40",4,NA,-0.0621599065945151,NA,0,75
"949","sp34","sp40",6,NA,-0.0347133848154225,NA,0,75
"950","sp34","sp40",7,-0.00323622488750104,NA,NA,0,75
"951","sp34","sp40",9,NA,-0.0172434397517227,NA,0,75
"952","sp34","sp42",2,NA,-0.00100060423175491,NA,0,75
"953","sp34","sp43",4,NA,0.00206789462714894,NA,0,75
"954","sp34","sp43",9,NA,0.000647797551765109,NA,0,75
"955","sp34","sp49",10,NA,-0.000543151159255762,NA,0,75
"956","sp35","sp36",8,NA,-0.00111673260404148,NA,0,75
"957","sp35","sp41",3,NA,NA,-0.00958890117415978,0,75
"958","sp35","sp44",3,NA,-0.00747498198466778,NA,0,75
"959","sp35","sp44",8,NA,-0.047673719360446,NA,0,75
"960","sp35","sp44",9,NA,-0.0525549989453711,NA,0,75
"961","sp35","sp44",10,NA,-0.0512358329717909,NA,0,75
"962","sp36","sp38",5,0.0527769152831916,NA,0.0406633300605371,0,75
"963","sp36","sp43",8,-0.0213677220452522,NA,-0.0246004260225773,0,75
"964","sp36","sp44",7,NA,0.0296304199349589,NA,0,75
"965","sp36","sp44",8,NA,0.0312548204073362,NA,0,75
"966","sp37","sp39",10,NA,0.0184982820057196,NA,0,75
"967","sp37","sp47",4,NA,-0.000471594092270454,NA,0,75
"968","sp37","sp47",8,NA,-0.000880858376753263,NA,0,75
"969","sp37","sp48",7,NA,0.0033036939664372,NA,0,75
"970","sp38","sp39",3,NA,NA,-0.00109221764739892,0,75
"971","sp38","sp42",9,-0.0203389372419081,NA,-0.0189955084368801,0,75
"972","sp39","sp41",4,NA,-0.01980365740742,NA,0,75
"973","sp39","sp41",8,NA,-0.0203656890686159,NA,0,75
"974","sp39","sp48",1,-0.000295133847364788,NA,NA,0,75
"975","sp39","sp49",1,0.0496533633431221,NA,0.0437657763774496,0,75
"976","sp40","sp42",2,NA,0.0403411279530702,NA,0,75
"977","sp40","sp43",4,NA,-0.0443538690567922,NA,0,75
"978","sp40","sp43",9,NA,-0.0498150850102152,NA,0,75
"979","sp40","sp47",5,-0.00373133325742725,NA,-0.00237011573615736,0,75
"980","sp44","sp45",6,0.0523686572572091,NA,0.0558182221585246,0,75
"981","sp44","sp46",2,NA,0.00304626174742268,NA,0,75
"982","sp44","sp49",6,-0.00146776061630433,NA,NA,0,75
"983","sp45","sp47",3,NA,-0.00309142368483305,NA,0,75
"984","sp45","sp47",7,NA,-0.000824697298550604,NA,0,75
"985","sp45","sp47",9,NA,-0.000290347479626891,NA,0,75
"986","sp48","sp49",1,-0.00774813134743072,NA,NA,0,75
"987","sp48","sp49",8,-0.0121885870916154,NA,-0.006954780410663,0,75
"988","sp1","sp7",7,NA,NA,0.000681239010924816,0,100
"989","sp1","sp10",10,0.0163760938536782,NA,0.0186596914181793,0,100
"990","sp1","sp21",2,NA,-0.0514723072766222,NA,0,100
"991","sp1","sp36",2,NA,0.000284787404497258,NA,0,100
"992","sp2","sp3",1,NA,-0.00121847254023294,NA,0,100
"993","sp2","sp3",9,NA,NA,0.00220157549168557,0,100
"994","sp2","sp13",1,NA,-0.0129023147520987,NA,0,100
"995","sp2","sp17",10,0.0157657696639495,NA,0.0180924954479572,0,100
"996","sp2","sp20",2,NA,-0.0227705143823784,NA,0,100
"997","sp2","sp20",4,NA,-0.00314319002350832,NA,0,100
"998","sp2","sp20",10,-0.000411677661672879,NA,-0.000552089349652561,0,100
"999","sp2","sp23",2,NA,-0.00034635892223629,NA,0,100
"1000","sp2","sp25",1,NA,-0.000726615704477003,NA,0,100
"1001","sp2","sp31",3,-0.0506067313906893,NA,-0.0502164899763285,0,100
"1002","sp2","sp39",1,NA,0.0540563357679017,NA,0,100
"1003","sp3","sp6",9,-0.0613885945230774,NA,-0.0742518910498999,0,100
"1004","sp3","sp8",6,NA,-0.000531038980301406,NA,0,100
"1005","sp3","sp15",4,-0.0621498097705856,NA,-0.0670144268767065,0,100
"1006","sp3","sp16",2,NA,-0.103706142498411,NA,0,100
"1007","sp3","sp16",3,NA,-0.0870492661084023,NA,0,100
"1008","sp3","sp16",4,NA,-0.0900500956729336,NA,0,100
"1009","sp3","sp16",5,NA,-0.0937508932521457,NA,0,100
"1010","sp3","sp16",6,NA,-0.0442637585369068,NA,0,100
"1011","sp3","sp16",7,NA,-0.0561269176083792,NA,0,100
"1012","sp3","sp16",8,NA,-0.0461886458522613,NA,0,100
"1013","sp3","sp16",9,NA,-0.131242608416785,NA,0,100
"1014","sp3","sp16",10,NA,-0.0686331111022253,NA,0,100
"1015","sp3","sp17",2,-0.0760535586564294,NA,-0.0765168686153644,0,100
"1016","sp3","sp21",5,NA,0.0223992321478018,NA,0,100
"1017","sp3","sp23",2,NA,-0.000217443235707369,NA,0,100
"1018","sp3","sp23",8,NA,-0.00109547791076153,NA,0,100
"1019","sp3","sp24",2,NA,0.0810410220227836,NA,0,100
"1020","sp3","sp24",3,NA,0.112481699397959,NA,0,100
"1021","sp3","sp24",4,NA,0.00043881957928923,0.000786618940522158,2,100
"1022","sp3","sp24",5,NA,0.0474754012980272,NA,0,100
"1023","sp3","sp24",6,NA,0.11256754402872,NA,0,100
"1024","sp3","sp24",7,NA,0.019330607992344,NA,0,100
"1025","sp3","sp24",8,NA,0.032505029419856,NA,0,100
"1026","sp3","sp24",9,NA,0.0460030817558385,NA,0,100
"1027","sp3","sp24",10,NA,0.0189543312697992,NA,0,100
"1028","sp3","sp25",1,NA,0.000383012177901694,NA,0,100
"1029","sp3","sp25",8,NA,0.000577607487739805,NA,0,100
"1030","sp3","sp26",2,0.00279550425984107,NA,0.00351222885352552,0,100
"1031","sp3","sp27",4,NA,NA,-0.0140977223365922,0,100
"1032","sp3","sp31",5,-0.0795461176192943,NA,-0.0793528695399979,0,100
"1033","sp3","sp37",4,0.00217661509859688,NA,0.00236960959105081,0,100
"1034","sp3","sp39",1,NA,-0.0284940646951081,NA,0,100
"1035","sp3","sp41",3,NA,0.00503162426675076,NA,0,100
"1036","sp3","sp41",6,NA,0.00078692744873854,NA,0,100
"1037","sp3","sp41",7,NA,0.000975142980730787,NA,0,100
"1038","sp3","sp41",8,NA,0.000720034363023981,NA,0,100
"1039","sp3","sp41",10,NA,0.00025866338386793,NA,0,100
"1040","sp3","sp42",2,NA,-0.089505439060272,NA,0,100
"1041","sp3","sp42",3,NA,-0.00754357838182774,NA,0,100
"1042","sp3","sp42",4,NA,-0.00306582051810037,NA,0,100
"1043","sp3","sp42",5,NA,-0.00334457087731315,NA,0,100
"1044","sp3","sp42",6,NA,-0.0511463781196328,NA,0,100
"1045","sp3","sp42",8,NA,-0.00137144475980436,NA,0,100
"1046","sp3","sp42",9,NA,-0.00159252320319423,NA,0,100
"1047","sp3","sp42",10,NA,-0.0591479989176013,NA,0,100
"1048","sp3","sp44",6,NA,-0.000224277663915093,NA,0,100
"1049","sp3","sp46",3,-0.0259997577905568,NA,-0.0289293770559332,0,100
"1050","sp5","sp10",5,0.028504654791377,NA,0.0298461719083377,0,100
"1051","sp5","sp19",1,-0.00095123866330699,NA,-0.0012667172328836,0,100
"1052","sp5","sp23",1,-0.0154879943562422,NA,-0.0239406901949572,0,100
"1053","sp5","sp30",2,NA,-0.0230179888653024,NA,0,100
"1054","sp5","sp30",4,NA,-0.0232904853836878,NA,0,100
"1055","sp5","sp34",4,NA,0.00045666381886178,NA,0,100
"1056","sp6","sp18",4,NA,-0.0207738645670133,NA,0,100
"1057","sp6","sp25",8,NA,0.000228853913047721,NA,0,100
"1058","sp6","sp37",8,NA,0.00063348477977343,NA,0,100
"1059","sp6","sp46",6,-0.101009620248547,NA,-0.0999533285816455,0,100
"1060","sp6","sp47",5,NA,-0.0375240169358756,NA,0,100
"1061","sp6","sp47",8,NA,-0.0196849636987228,NA,0,100
"1062","sp6","sp50",3,NA,0.0309530959040769,NA,0,100
"1063","sp7","sp14",3,-0.0464355322206708,NA,-0.0422717498488174,0,100
"1064","sp7","sp18",7,-0.0243814993230342,NA,-0.0323259251132142,0,100
"1065","sp7","sp25",6,-0.0282306299521656,NA,-0.021579012089998,0,100
"1066","sp7","sp29",6,-0.00031498004407871,NA,-0.00028042223660802,0,100
"1067","sp7","sp43",4,-0.126177991901621,NA,-0.125238244807654,0,100
"1068","sp7","sp43",6,-0.0200072911677691,NA,-0.0227062851328662,0,100
"1069","sp7","sp47",8,-0.0464005386931695,NA,-0.0467681757539182,0,100
"1070","sp8","sp12",10,0.00158083559476034,NA,0.00206134760797991,0,100
"1071","sp8","sp14",7,0.00861754686603899,NA,0.00754751702343848,0,100
"1072","sp8","sp20",1,NA,0.00277855806777105,NA,0,100
"1073","sp8","sp23",9,NA,NA,-0.00838070409476407,0,100
"1074","sp8","sp24",4,NA,-0.00332455970690858,NA,0,100
"1075","sp8","sp24",6,NA,-0.000917957221188461,NA,0,100
"1076","sp8","sp24",8,NA,-0.000326211941740826,NA,0,100
"1077","sp8","sp29",10,NA,-0.00289045978207224,NA,0,100
"1078","sp8","sp30",7,-0.034050786814114,NA,-0.037917850805849,0,100
"1079","sp8","sp33",10,-0.0330743533959452,NA,-0.0408344710313091,0,100
"1080","sp8","sp34",7,NA,NA,-0.000366159767572072,0,100
"1081","sp8","sp40",4,NA,0.00053559264587556,NA,0,100
"1082","sp8","sp42",4,NA,0.0232270934209254,NA,0,100
"1083","sp8","sp42",6,NA,0.0134373305214684,NA,0,100
"1084","sp8","sp42",7,NA,0.0378200450666594,NA,0,100
"1085","sp8","sp42",8,NA,0.00773164845874403,NA,0,100
"1086","sp8","sp43",4,NA,-0.0230346171114122,NA,0,100
"1087","sp8","sp47",1,NA,0.00848443406093258,NA,0,100
"1088","sp8","sp47",7,NA,-0.00475735201794504,NA,0,100
"1089","sp9","sp16",4,-0.104660444606259,NA,-0.106082888607562,0,100
"1090","sp9","sp22",1,NA,-0.000336647978513302,NA,0,100
"1091","sp9","sp22",3,-0.000280420796656945,NA,NA,0,100
"1092","sp9","sp27",5,NA,0.00715628969555209,NA,0,100
"1093","sp9","sp28",3,-0.00355580134448541,NA,NA,0,100
"1094","sp9","sp34",1,NA,0.0225681155505191,NA,0,100
"1095","sp9","sp41",1,NA,-0.0687700359541156,NA,0,100
"1096","sp9","sp48",6,-0.0396542282848945,NA,-0.0439886681147576,0,100
"1097","sp10","sp11",9,NA,-0.0328482096047261,NA,0,100
"1098","sp10","sp27",9,NA,0.00182814455727842,NA,0,100
"1099","sp10","sp33",2,NA,-0.000267145681246442,NA,0,100
"1100","sp10","sp33",3,NA,-0.123452465203995,NA,0,100
"1101","sp10","sp33",7,NA,-0.000215346074943291,NA,0,100
"1102","sp10","sp33",8,NA,-0.000839616641973918,NA,0,100
"1103","sp10","sp35",8,NA,NA,-0.000530758965898437,0,100
"1104","sp10","sp37",3,NA,-0.000739195609765581,NA,0,100
"1105","sp10","sp38",2,NA,-0.0405332203826878,NA,0,100
"1106","sp10","sp38",3,NA,-0.0666886864196865,NA,0,100
"1107","sp10","sp38",5,NA,-0.0594938076209749,NA,0,100
"1108","sp10","sp38",6,NA,-0.078836305736584,NA,0,100
"1109","sp10","sp38",7,NA,-0.0348186073761337,NA,0,100
"1110","sp10","sp38",8,NA,-0.0125045586968438,NA,0,100
"1111","sp10","sp38",9,NA,-0.0429637744067207,NA,0,100
"1112","sp10","sp38",10,NA,-0.0450023367356816,NA,0,100
"1113","sp10","sp50",4,0.0401984191426515,NA,0.0456169059101237,0,100
"1114","sp11","sp17",1,-0.0018360994014927,NA,-0.00233619280849744,0,100
"1115","sp11","sp20",1,0.0642823431033496,NA,0.069849847466791,0,100
"1116","sp11","sp24",1,NA,NA,-0.000473446910659939,0,100
"1117","sp11","sp29",4,-0.0350203932781669,NA,-0.0385611432703927,0,100
"1118","sp11","sp38",9,NA,0.00108942797486013,NA,0,100
"1119","sp12","sp14",1,-0.0156568939366904,NA,-0.0230888227978712,0,100
"1120","sp12","sp18",4,-0.00299002315294533,NA,-0.00237513456631855,0,100
"1121","sp12","sp26",7,0.0185781560009607,NA,0.0290669889007009,0,100
"1122","sp12","sp29",7,-0.00113952257834771,NA,-0.00164737982672166,0,100
"1123","sp12","sp33",10,-0.06059404997098,NA,-0.0638726552621015,0,100
"1124","sp12","sp35",6,NA,NA,-0.000346530134146039,0,100
"1125","sp12","sp36",2,-0.0168400048984339,NA,-0.0103817418935482,0,100
"1126","sp12","sp38",5,-0.0184434601351651,NA,-0.0207747110815057,0,100
"1127","sp13","sp15",9,NA,NA,-0.00111607593202595,0,100
"1128","sp13","sp16",6,0.0127945266736768,NA,0.012290131460857,0,100
"1129","sp13","sp16",10,-0.0878922107678409,NA,-0.0848562435733561,0,100
"1130","sp13","sp18",9,NA,-0.0325994362341885,NA,0,100
"1131","sp13","sp19",2,0.0608848342411916,NA,0.0566453920251015,0,100
"1132","sp13","sp26",5,-0.024722487722624,NA,NA,0,100
"1133","sp13","sp29",2,NA,0.0323459762617257,NA,0,100
"1134","sp13","sp29",3,NA,0.0275425272216645,NA,0,100
"1135","sp13","sp29",5,NA,0.0277577716362191,NA,0,100
"1136","sp13","sp29",6,NA,0.094205956451732,NA,0,100
"1137","sp13","sp29",7,NA,0.010231512354008,NA,0,100
"1138","sp13","sp29",9,NA,0.0602657361963135,NA,0,100
"1139","sp13","sp29",10,NA,0.0189892294100435,NA,0,100
"1140","sp13","sp31",3,NA,-0.000521768072109243,NA,0,100
"1141","sp13","sp31",6,NA,-0.000347677470449791,NA,0,100
"1142","sp13","sp34",10,0.000981726968173639,NA,0.00119704960406545,0,100
"1143","sp13","sp36",7,-0.000240891892749183,NA,-0.000218344843025969,0,100
"1144","sp13","sp39",1,NA,-0.000551733015246985,NA,0,100
"1145","sp13","sp50",7,0.0708893242705159,NA,0.0690469805900553,0,100
"1146","sp14","sp20",8,-0.032932158245711,NA,-0.0321625491667523,0,100
"1147","sp14","sp22",10,-0.00955919320605031,NA,-0.0281196357049328,0,100
"1148","sp14","sp30",7,-0.000231347703833695,NA,-0.000226199656942022,0,100
"1149","sp14","sp34",5,0.00743418191280776,NA,0.0112004033467089,0,100
"1150","sp14","sp34",6,-0.0820702853888567,NA,-0.0855690048605028,0,100
"1151","sp15","sp22",8,NA,0.000689511141384598,NA,0,100
"1152","sp15","sp24",4,-0.00317319703710531,NA,-0.0147878256653442,0,100
"1153","sp15","sp27",4,NA,NA,0.000749909801418189,0,100
"1154","sp15","sp28",10,0.0161733181026738,NA,0.00676427144145935,0,100
"1155","sp15","sp30",3,NA,-0.016755810048403,NA,0,100
"1156","sp15","sp31",2,NA,-0.00130389365467586,NA,0,100
"1157","sp15","sp31",8,NA,-0.026162347640033,NA,0,100
"1158","sp15","sp32",2,NA,-0.0508049706963981,NA,0,100
"1159","sp15","sp32",5,-0.00892049213557063,NA,-0.00754157832264051,0,100
"1160","sp15","sp37",4,-0.044189758216118,NA,-0.0445468214945109,0,100
"1161","sp15","sp37",7,NA,-0.000546640880065329,NA,0,100
"1162","sp15","sp41",4,NA,NA,0.00027116803926231,0,100
"1163","sp15","sp45",2,NA,-0.0726426410659953,NA,0,100
"1164","sp15","sp45",3,NA,-0.172193027376141,NA,0,100
"1165","sp15","sp45",4,NA,-0.0353943534275005,NA,0,100
"1166","sp15","sp45",5,NA,-0.0865708328019704,NA,0,100
"1167","sp15","sp45",6,NA,-0.0775211230720455,NA,0,100
"1168","sp15","sp45",7,NA,-0.0965165571862606,NA,0,100
"1169","sp15","sp45",8,NA,-0.0291855083590113,NA,0,100
"1170","sp15","sp45",9,NA,-0.132389783299801,NA,0,100
"1171","sp15","sp45",10,0.00164651042444071,-0.122883891094242,0.00063554555439294,3,100
"1172","sp15","sp47",3,NA,0.0557271658572213,NA,0,100
"1173","sp15","sp47",7,NA,0.0321734635939045,NA,0,100
"1174","sp16","sp21",5,NA,-0.00162422711861021,NA,0,100
"1175","sp16","sp23",2,NA,0.00271974929509412,NA,0,100
"1176","sp16","sp23",8,NA,0.0308669161942282,NA,0,100
"1177","sp16","sp24",2,NA,-0.00647920824373468,NA,0,100
"1178","sp16","sp24",3,NA,-0.00757521378111931,NA,0,100
"1179","sp16","sp24",5,NA,-0.00344256596593762,NA,0,100
"1180","sp16","sp24",6,NA,-0.00384999349148456,NA,0,100
"1181","sp16","sp24",7,NA,-0.000833608642466471,NA,0,100
"1182","sp16","sp24",8,NA,-0.00115361513583157,NA,0,100
"1183","sp16","sp24",9,NA,-0.00466064658428145,NA,0,100
"1184","sp16","sp24",10,NA,-0.00100369007683213,NA,0,100
"1185","sp16","sp34",10,-0.0141603820185868,NA,-0.0178492106935985,0,100
"1186","sp16","sp37",5,-0.0658312322679914,NA,-0.0741999623555041,0,100
"1187","sp16","sp39",8,-0.0201924707307274,NA,-0.0172225820096031,0,100
"1188","sp16","sp41",3,NA,-0.000338860718596117,NA,0,100
"1189","sp16","sp42",2,NA,0.00715593614373924,NA,0,100
"1190","sp16","sp42",3,NA,0.000508031255064878,NA,0,100
"1191","sp16","sp42",4,NA,0.000212928589950136,NA,0,100
"1192","sp16","sp42",5,NA,0.000242523613452485,NA,0,100
"1193","sp16","sp42",6,NA,0.00174928950056293,NA,0,100
"1194","sp16","sp42",10,NA,0.003132068271523,NA,0,100
"1195","sp17","sp20",1,-0.0362413420080251,NA,-0.0424180684204493,0,100
"1196","sp17","sp20",10,-0.0331037170996355,NA,-0.0386101570683625,0,100
"1197","sp17","sp22",6,NA,NA,-0.00215162792400764,0,100
"1198","sp17","sp24",1,NA,NA,0.000287512488260932,0,100
"1199","sp17","sp26",2,-0.0464003663764203,NA,-0.0580170854910726,0,100
"1200","sp17","sp36",4,-0.00138296984489383,NA,-0.00681799862798227,0,100
"1201","sp17","sp40",3,0.0468125088450179,NA,0.0539746905001271,0,100
"1202","sp18","sp21",3,-0.0298156812392667,NA,-0.0168009334335628,0,100
"1203","sp18","sp22",2,-0.011696268275652,NA,NA,0,100
"1204","sp18","sp29",9,NA,-0.00151657868579951,NA,0,100
"1205","sp19","sp23",1,0.0779281009347944,NA,0.0671043509194137,0,100
"1206","sp19","sp23",9,-0.0172132410336353,NA,-0.0222840311264128,0,100
"1207","sp19","sp32",9,-0.0770689723083789,NA,-0.0762157989020313,0,100
"1208","sp19","sp44",8,NA,0.00753007883721202,NA,0,100
"1209","sp19","sp47",10,-0.00440931985209175,NA,-0.00702920568370479,0,100
"1210","sp20","sp23",2,NA,0.0197306316746623,NA,0,100
"1211","sp20","sp23",3,-0.074994942307652,NA,-0.075623830085888,0,100
"1212","sp20","sp23",9,NA,0.00643645545663109,NA,0,100
"1213","sp20","sp24",1,-0.00374270758238471,NA,-0.00859633818742078,0,100
"1214","sp20","sp31",7,-0.0103443137577526,NA,-0.0102947191487924,0,100
"1215","sp20","sp32",10,NA,-0.00709124710871961,NA,0,100
"1216","sp20","sp33",6,0.01077508512977,NA,0.0108552442996856,0,100
"1217","sp21","sp24",5,NA,0.000822507728515892,NA,0,100
"1218","sp21","sp36",2,NA,-0.00717686195048595,NA,0,100
"1219","sp21","sp40",1,-0.00990283271682424,-0.0193748938684191,-0.0124806564181659,3,100
"1220","sp21","sp48",1,NA,NA,-0.000258435598394699,0,100
"1221","sp22","sp23",4,NA,0.000210447866201181,NA,0,100
"1222","sp22","sp28",3,0.0993375201598537,NA,0.0661504009461676,0,100
"1223","sp22","sp28",9,NA,NA,0.00986173213371727,0,100
"1224","sp22","sp29",3,NA,0.000347489681236401,NA,0,100
"1225","sp22","sp31",1,-0.0300804477038573,NA,-0.0298681545220563,0,100
"1226","sp22","sp31",2,NA,-0.0450970560513973,NA,0,100
"1227","sp22","sp31",3,NA,-0.0183429084995781,NA,0,100
"1228","sp22","sp31",4,NA,-0.0117156365525749,NA,0,100
"1229","sp22","sp31",5,NA,-0.0274390682815006,NA,0,100
"1230","sp22","sp31",6,NA,-0.0339560588090864,NA,0,100
"1231","sp22","sp31",7,NA,-0.0288161577140114,NA,0,100
"1232","sp22","sp31",8,NA,-0.0342996290924081,NA,0,100
"1233","sp22","sp31",10,NA,-0.0736520905004074,NA,0,100
"1234","sp22","sp34",1,NA,-0.0188567124067705,NA,0,100
"1235","sp22","sp37",4,NA,-0.000245089863837595,NA,0,100
"1236","sp22","sp47",4,-0.0183132786169228,NA,-0.00925216576313631,0,100
"1237","sp22","sp48",4,NA,-0.0134526492873845,NA,0,100
"1238","sp22","sp48",5,NA,-0.0111516039764035,NA,0,100
"1239","sp22","sp48",7,NA,-0.0101571515048934,NA,0,100
"1240","sp23","sp27",6,NA,0.0400223633673636,NA,0,100
"1241","sp23","sp31",4,NA,-0.0232903257675332,NA,0,100
"1242","sp23","sp31",9,NA,-0.0149818635357187,NA,0,100
"1243","sp23","sp32",9,0.00104799213553558,NA,0.00134482406052832,0,100
"1244","sp23","sp35",10,-0.0424616440492876,NA,-0.0471958375305929,0,100
"1245","sp23","sp37",4,NA,-0.000487231124444822,NA,0,100
"1246","sp23","sp50",10,-0.0502477228870952,NA,-0.0635182276795568,0,100
"1247","sp24","sp25",8,NA,0.0231263502567657,NA,0,100
"1248","sp24","sp37",4,NA,NA,0.000522892982310456,0,100
"1249","sp24","sp39",4,NA,-0.00112161202609928,NA,0,100
"1250","sp24","sp39",7,NA,-0.00057201601453129,NA,0,100
"1251","sp24","sp39",8,NA,-0.00122131043431595,NA,0,100
"1252","sp24","sp39",10,NA,-0.000576091487546805,NA,0,100
"1253","sp24","sp41",3,NA,0.0578200447419139,NA,0,100
"1254","sp24","sp41",4,-0.0197590090099805,0.0268572820205185,-0.0231016185886821,3,100
"1255","sp24","sp41",5,NA,0.00416932673941012,NA,0,100
"1256","sp24","sp41",6,NA,0.0090473832368988,NA,0,100
"1257","sp24","sp41",7,NA,0.0656564327043521,NA,0,100
"1258","sp24","sp41",8,NA,0.0288288625575289,NA,0,100
"1259","sp24","sp41",10,NA,0.0176876041448132,NA,0,100
"1260","sp24","sp42",2,NA,-0.123311256893344,NA,0,100
"1261","sp24","sp42",3,NA,-0.0866857333592354,NA,0,100
"1262","sp24","sp42",4,NA,-0.18558214802158,NA,0,100
"1263","sp24","sp42",5,NA,-0.0910822073986952,NA,0,100
"1264","sp24","sp42",6,NA,-0.0884119412622807,NA,0,100
"1265","sp24","sp42",8,NA,-0.0549101466763279,NA,0,100
"1266","sp24","sp42",9,NA,-0.0448450435732164,NA,0,100
"1267","sp24","sp42",10,NA,-0.0440683304967263,NA,0,100
"1268","sp24","sp44",4,NA,-0.0395203683345698,NA,0,100
"1269","sp24","sp44",6,NA,-0.00257854263460877,NA,0,100
"1270","sp24","sp46",5,-0.00414980865908293,NA,NA,0,100
"1271","sp24","sp47",8,NA,-0.000268862865676326,NA,0,100
"1272","sp25","sp29",6,0.0141028594952388,NA,0.0163898895627421,0,100
"1273","sp25","sp33",9,-0.00299527296135854,NA,NA,0,100
"1274","sp25","sp35",3,-0.0150965618909781,NA,-0.0152824951233541,0,100
"1275","sp25","sp37",8,NA,0.000486911619854185,NA,0,100
"1276","sp25","sp39",1,NA,-0.016991958544992,NA,0,100
"1277","sp25","sp41",8,NA,0.00051228278126178,NA,0,100
"1278","sp25","sp42",8,NA,-0.000975741675645649,NA,0,100
"1279","sp25","sp43",6,0.000446852459676498,NA,0.000388492383529673,0,100
"1280","sp25","sp46",2,-0.0134708725035905,NA,-0.00973339452322147,0,100
"1281","sp25","sp47",8,NA,-0.0151303359880943,NA,0,100
"1282","sp26","sp28",7,-0.0043774983780471,NA,-0.00435697482266389,0,100
"1283","sp26","sp28",10,-0.00286034858956463,NA,-0.00327930979465064,0,100
"1284","sp26","sp29",7,-0.0777975537987206,NA,-0.0717050216737434,0,100
"1285","sp26","sp36",3,0.024530669765413,NA,0.0300133100608572,0,100
"1286","sp26","sp45",10,-0.0280965895721643,NA,-0.034902520264906,0,100
"1287","sp26","sp46",2,NA,-0.012586437956975,NA,0,100
"1288","sp26","sp46",5,NA,-0.0075847066560098,NA,0,100
"1289","sp26","sp46",9,NA,-0.00604677979417517,NA,0,100
"1290","sp26","sp47",10,NA,NA,-0.0103957523989275,0,100
"1291","sp27","sp28",5,NA,-0.0192979868941431,NA,0,100
"1292","sp27","sp40",6,NA,NA,0.00165118548580745,0,100
"1293","sp27","sp44",3,NA,-0.0202125364210076,NA,0,100
"1294","sp27","sp45",1,-0.0233187196913837,NA,-0.0273682649289184,0,100
"1295","sp28","sp29",7,0.071368351351881,NA,0.0768761015260404,0,100
"1296","sp28","sp32",5,0.0114222868678882,NA,0.00587378316928537,0,100
"1297","sp28","sp45",10,0.129062476217211,NA,0.118882062029702,0,100
"1298","sp28","sp48",2,0.0690520780868095,NA,0.0599426346598753,0,100
"1299","sp28","sp48",7,-0.0383739178543199,NA,-0.0456514538646116,0,100
"1300","sp29","sp30",2,-0.0756971416321611,NA,-0.074949087906304,0,100
"1301","sp29","sp31",3,NA,-0.0244864486508882,NA,0,100
"1302","sp29","sp31",6,NA,-0.00477638878188307,NA,0,100
"1303","sp29","sp31",7,NA,-0.0039881677938139,NA,0,100
"1304","sp29","sp32",1,NA,-0.00663643533032204,NA,0,100
"1305","sp29","sp34",9,-0.0492114233501781,NA,-0.0418838887617737,0,100
"1306","sp29","sp36",5,-0.0057072332117099,NA,-0.0189629231075614,0,100
"1307","sp29","sp36",9,-0.00504391845960561,NA,NA,0,100
"1308","sp29","sp48",7,-0.00215921651728063,NA,-0.00277389547431024,0,100
"1309","sp29","sp50",9,-0.0138335610285009,NA,-0.0133613297931533,0,100
"1310","sp30","sp34",4,NA,-0.0254223088954861,NA,0,100
"1311","sp30","sp34",6,NA,-0.0111291369577774,NA,0,100
"1312","sp30","sp34",7,NA,NA,0.0122175122474073,0,100
"1313","sp30","sp39",3,-0.0321365878757637,NA,-0.0213177710267062,0,100
"1314","sp30","sp40",4,NA,0.00236757158020907,NA,0,100
"1315","sp30","sp40",6,NA,0.00087909769924016,NA,0,100
"1316","sp30","sp44",5,NA,-0.0299442622352847,NA,0,100
"1317","sp30","sp45",3,NA,0.00223217839517453,NA,0,100
"1318","sp30","sp47",3,NA,-0.000722404254959006,NA,0,100
"1319","sp30","sp50",9,NA,NA,-0.0065344457255936,0,100
"1320","sp31","sp37",4,NA,0.0271241655909263,NA,0,100
"1321","sp31","sp44",9,NA,-0.00945472431977595,NA,0,100
"1322","sp31","sp45",8,NA,0.000586704104767296,NA,0,100
"1323","sp31","sp47",9,NA,-0.00785687632982163,NA,0,100
"1324","sp31","sp48",5,NA,0.00023667092633178,NA,0,100
"1325","sp31","sp48",7,NA,0.000224881384016687,NA,0,100
"1326","sp32","sp45",2,NA,0.00284518414219283,NA,0,100
"1327","sp32","sp47",5,-0.0148439252499409,NA,-0.0109154763587135,0,100
"1328","sp33","sp38",2,NA,0.00854918074241278,NA,0,100
"1329","sp33","sp38",3,NA,0.00841990107712762,NA,0,100
"1330","sp33","sp38",4,NA,0.0726235129371162,NA,0,100
"1331","sp33","sp38",7,NA,0.00804970678054456,NA,0,100
"1332","sp33","sp38",8,NA,0.0873851259360749,NA,0,100
"1333","sp33","sp38",10,NA,0.00528902882147651,NA,0,100
"1334","sp34","sp37",3,-0.0536616279776643,NA,-0.0416411907758174,0,100
"1335","sp34","sp39",1,NA,-0.00416379439676654,NA,0,100
"1336","sp34","sp40",2,NA,-0.0455978348991717,NA,0,100
"1337","sp34","sp40",3,NA,-0.0145126308472739,NA,0,100
"1338","sp34","sp40",4,NA,-0.120749420086034,NA,0,100
"1339","sp34","sp40",6,NA,-0.102229712653444,NA,0,100
"1340","sp34","sp40",7,NA,-0.00686888759447446,NA,0,100
"1341","sp34","sp40",9,NA,-0.0666654754542102,NA,0,100
"1342","sp34","sp40",10,NA,-0.0236748279194521,NA,0,100
"1343","sp34","sp41",1,NA,-0.00122774814012042,NA,0,100
"1344","sp34","sp43",4,NA,0.00280762215749017,NA,0,100
"1345","sp34","sp43",9,NA,0.000922505088667692,NA,0,100
"1346","sp34","sp50",9,0.000537793714862386,NA,0.000443122078250778,0,100
"1347","sp35","sp44",10,NA,-0.0116654048818222,NA,0,100
"1348","sp35","sp50",10,0.00168297844436622,NA,0.00236925277488923,0,100
"1349","sp36","sp50",7,-0.00431009616049222,NA,-0.00400086705132333,0,100
"1350","sp37","sp38",3,NA,0.0143271334208666,NA,0,100
"1351","sp37","sp47",7,NA,-0.0221135662862133,NA,0,100
"1352","sp37","sp47",8,NA,-0.0418819037597896,NA,0,100
"1353","sp38","sp42",9,-0.00683863541804164,NA,-0.00780478087982822,0,100
"1354","sp38","sp45",7,-0.0140197281908353,NA,-0.0172535038914645,0,100
"1355","sp38","sp50",9,NA,NA,-0.00760556414820073,0,100
"1356","sp39","sp41",4,NA,-0.0541473895992689,NA,0,100
"1357","sp39","sp41",6,NA,-0.020970498871708,NA,0,100
"1358","sp39","sp41",7,NA,-0.0113392779938392,NA,0,100
"1359","sp39","sp41",8,NA,-0.0551344958475188,NA,0,100
"1360","sp39","sp41",10,NA,-0.0422148227297028,NA,0,100
"1361","sp40","sp43",4,NA,-0.0301474465845959,NA,0,100
"1362","sp40","sp43",9,NA,-0.0179260002171577,NA,0,100
"1363","sp40","sp48",1,0.0221848280204874,NA,0.0262616842711584,0,100
"1364","sp41","sp42",3,NA,-0.0038776978111635,NA,0,100
"1365","sp41","sp42",4,NA,-0.00384415888911816,NA,0,100
"1366","sp41","sp42",5,NA,-0.000293722820858252,NA,0,100
"1367","sp41","sp42",6,NA,-0.000618062550585608,NA,0,100
"1368","sp41","sp42",8,NA,-0.00121634076914545,NA,0,100
"1369","sp41","sp42",10,NA,-0.000601385684645866,NA,0,100
"1370","sp41","sp44",4,NA,-0.00081862709777933,NA,0,100
"1371","sp42","sp43",4,NA,-0.000412647233201166,NA,0,100
"1372","sp42","sp44",4,NA,0.00565666232042744,NA,0,100
"1373","sp43","sp48",10,-0.0200859869375823,NA,-0.0238543213800409,0,100
"1374","sp45","sp47",3,NA,-0.00742387119998729,NA,0,100
"1375","sp45","sp47",7,NA,-0.00238586101754498,NA,0,100
"1376","sp45","sp47",10,NA,NA,0.000286762292666568,0,100
