"","Time","ID","Sex","Age","BMI","sp1","sp2","sp3","sp4","sp5","sp6","sp7","sp8","sp9","sp10","sp11","sp12","sp13","sp14","sp15","sp16","sp17","sp18","sp19","sp20","sp21","sp22","sp23","sp24","sp25","sp26","sp27","sp28","sp29","sp30","sp31","sp32","sp33","sp34","sp35","sp36","sp37","sp38","sp39","sp40","sp41","sp42","sp43","sp44","sp45","sp46","sp47","sp48","sp49","sp50"
"Sbj1_Time1",1,1,0,-0.25,4.65,121,0,0,0,0,0,16,0,0,0,0,0,20,0,88,0,114,0,0,0,50,94,135,82,73,49,112,53,0,73,57,127,54,59,92,0,48,0,115,127,97,59,77,129,56,35,35,0,0,52
"Sbj1_Time10",10,1,0,-0.25,4.65,36,106,170,68,0,0,74,0,0,26,130,0,120,87,0,118,103,106,0,116,127,34,110,136,71,43,139,107,104,107,30,0,0,125,0,108,0,126,129,86,60,61,117,93,90,121,157,124,43,52
"Sbj1_Time2",2,1,0,-0.25,4.65,0,0,0,63,0,41,48,0,0,0,0,0,133,87,0,0,110,0,52,97,0,63,112,160,48,48,136,121,86,97,6,0,0,123,51,136,49,0,102,64,0,49,128,108,69,0,0,106,34,46
"Sbj1_Time3",3,1,0,-0.25,4.65,40,0,153,58,139,45,62,38,0,28,0,102,0,109,0,129,92,93,51,102,0,0,123,0,59,33,0,127,76,103,0,88,91,117,58,0,45,0,0,65,0,0,144,75,0,149,0,105,0,0
"Sbj1_Time4",4,1,0,-0.25,4.65,32,108,180,63,155,60,49,34,123,0,0,96,139,103,106,118,92,94,42,87,0,47,0,0,72,0,128,0,0,0,30,0,85,112,57,119,34,0,0,0,49,53,131,90,67,0,0,132,34,0
"Sbj1_Time5",5,1,0,-0.25,4.65,0,125,0,0,141,0,68,64,0,0,152,91,152,95,108,124,84,90,0,109,115,33,118,0,43,0,128,109,96,111,48,83,0,0,58,126,27,133,112,69,48,49,122,83,59,0,0,103,0,47
"Sbj1_Time6",6,1,0,-0.25,4.65,58,98,150,0,0,34,79,57,123,31,156,85,0,0,0,111,87,0,55,88,0,46,0,134,44,0,0,108,0,0,41,77,97,119,49,0,0,139,0,70,0,56,130,0,84,125,152,107,26,64
"Sbj1_Time7",7,1,0,-0.25,4.65,28,102,0,49,0,0,0,33,0,38,0,82,152,106,0,111,0,101,0,89,122,0,113,124,0,30,129,107,0,0,0,84,95,118,64,142,40,115,110,69,55,0,149,108,0,129,150,123,49,68
"Sbj1_Time8",8,1,0,-0.25,4.65,0,0,152,60,0,0,68,0,104,0,150,76,0,0,105,117,91,101,59,98,117,0,0,0,61,29,124,107,93,0,0,0,97,0,57,0,32,0,140,75,0,43,136,0,0,144,158,128,29,58
"Sbj1_Time9",9,1,0,-0.25,4.65,39,105,0,50,134,0,68,0,132,0,0,0,164,0,0,0,93,85,57,108,111,0,129,157,69,27,124,113,83,99,0,100,91,113,34,122,40,149,103,0,52,64,127,79,88,123,171,0,33,57
"Sbj10_Time1",1,10,0,-12.25,-1.35,0,0,0,0,0,0,0,93,118,124,54,0,88,38,0,0,0,139,90,112,0,45,0,0,83,87,0,22,77,114,85,76,67,73,0,0,105,37,0,87,96,0,84,90,76,0,0,62,77,73
"Sbj10_Time10",10,10,0,-12.25,-1.35,14,98,0,0,0,0,50,89,90,66,0,146,95,54,0,70,0,27,58,0,109,0,107,103,35,100,0,0,0,79,0,90,109,103,134,46,0,108,0,78,107,76,0,42,94,61,115,49,52,138
"Sbj10_Time2",2,10,0,-12.25,-1.35,20,94,0,26,31,0,0,0,0,0,79,148,91,53,81,0,61,0,103,0,0,76,88,104,0,74,124,108,72,102,0,107,0,100,143,25,0,117,131,80,77,88,55,42,96,52,0,51,31,0
"Sbj10_Time3",3,10,0,-12.25,-1.35,29,109,0,41,25,147,41,0,98,0,99,137,0,0,91,87,0,30,0,0,0,0,104,123,48,76,0,110,70,94,67,92,105,0,156,0,29,126,131,70,93,71,52,38,92,52,132,40,0,0
"Sbj10_Time4",4,10,0,-12.25,-1.35,0,0,0,0,0,125,52,0,0,40,95,138,107,0,0,85,70,0,66,105,0,82,0,104,37,70,0,95,64,0,65,94,0,111,140,55,36,109,131,65,112,86,0,50,115,52,124,33,0,156
"Sbj10_Time5",5,10,0,-12.25,-1.35,0,102,0,0,18,0,0,78,95,54,0,143,0,47,0,71,89,0,51,124,0,104,89,110,46,0,145,109,0,0,64,0,94,100,136,32,40,130,128,72,103,75,76,30,0,0,0,50,54,150
"Sbj10_Time6",6,10,0,-12.25,-1.35,0,80,0,35,0,0,46,87,0,35,0,0,0,36,0,75,0,43,0,0,94,105,90,104,0,65,150,124,0,79,68,0,0,92,131,54,29,0,136,67,0,0,44,0,94,44,0,52,50,133
"Sbj10_Time7",7,10,0,-12.25,-1.35,0,100,74,0,36,156,57,72,98,43,99,0,92,37,67,0,0,0,60,90,0,0,0,111,33,82,0,0,0,94,65,77,82,0,130,57,17,0,0,78,79,89,0,66,0,54,0,0,40,135
"Sbj10_Time8",8,10,0,-12.25,-1.35,28,0,81,54,0,0,0,0,87,59,93,132,0,0,55,0,64,23,85,0,0,0,0,105,0,101,0,97,66,91,73,0,0,119,118,0,38,0,0,0,0,80,0,32,124,52,118,41,57,135
"Sbj10_Time9",9,10,0,-12.25,-1.35,0,0,60,0,28,155,41,72,96,0,0,0,100,0,85,69,82,0,0,108,109,76,0,106,52,70,131,115,89,99,0,0,75,0,0,0,39,0,149,66,105,73,54,23,101,57,124,0,44,141
"Sbj11_Time1",1,11,1,7.75,-2.35,0,48,0,0,0,128,65,42,125,81,0,94,0,93,0,61,102,0,137,48,0,0,0,119,0,0,113,211,0,180,109,134,139,0,0,60,41,84,70,115,141,62,67,0,115,0,98,130,90,63
"Sbj11_Time10",10,11,1,7.75,-2.35,24,136,0,0,89,0,0,111,0,36,147,61,0,40,0,112,158,79,0,0,147,0,0,265,0,109,176,0,0,165,115,0,131,148,109,113,99,126,0,36,61,47,66,48,129,176,0,0,115,0
"Sbj11_Time2",2,11,1,7.75,-2.35,38,159,96,0,92,75,0,0,102,38,140,0,151,41,46,136,159,90,63,0,0,132,169,245,0,134,185,189,233,172,0,0,134,133,0,147,0,94,49,30,76,41,0,33,135,176,65,60,92,46
"Sbj11_Time3",3,11,1,7.75,-2.35,0,144,104,0,69,0,0,0,0,0,0,62,0,53,0,0,0,97,40,108,127,0,140,268,198,0,160,0,221,0,118,189,143,116,134,119,106,0,57,0,60,24,0,42,115,0,70,81,118,76
"Sbj11_Time4",4,11,1,7.75,-2.35,0,149,104,82,102,95,0,0,96,0,0,0,136,42,51,0,0,73,41,0,0,141,155,0,176,118,0,198,0,145,120,176,135,119,0,128,0,113,58,32,56,52,0,39,118,0,65,67,0,0
"Sbj11_Time5",5,11,1,7.75,-2.35,46,133,86,55,70,0,0,97,0,27,152,77,141,41,0,111,0,60,51,0,144,0,136,235,183,131,168,181,222,151,109,0,128,0,0,0,97,0,60,38,56,40,0,51,119,0,71,76,91,62
"Sbj11_Time6",6,11,1,7.75,-2.35,0,143,92,55,0,0,57,115,76,39,132,70,0,0,0,114,163,0,45,80,143,149,143,244,0,110,0,204,0,138,118,164,139,120,146,111,102,110,66,11,67,44,73,53,130,188,67,59,98,0
"Sbj11_Time7",7,11,1,7.75,-2.35,0,0,107,63,80,0,45,0,93,36,138,0,0,24,51,0,187,83,32,85,138,130,168,252,0,92,159,199,219,0,90,181,144,0,133,122,106,130,78,0,53,0,73,47,116,0,0,65,90,54
"Sbj11_Time8",8,11,1,7.75,-2.35,25,0,99,0,58,79,0,100,0,0,0,68,165,61,35,98,175,83,44,81,136,0,153,0,0,0,164,199,229,158,130,164,129,134,116,120,90,116,61,24,68,0,0,46,0,178,66,0,106,68
"Sbj11_Time9",9,11,1,7.75,-2.35,0,140,92,43,61,89,0,92,0,0,133,73,140,53,0,0,0,0,0,80,0,0,0,0,0,115,0,192,0,173,103,177,133,127,110,118,105,116,68,16,0,26,71,49,126,0,81,0,0,59
"Sbj12_Time1",1,12,1,-3.25,-3.35,0,0,81,0,52,0,0,0,0,118,0,59,0,0,0,56,45,0,0,54,123,124,150,189,152,160,160,0,196,126,0,0,111,99,88,128,41,0,138,0,116,0,0,28,133,0,110,0,86,64
"Sbj12_Time10",10,12,1,-3.25,-3.35,77,0,138,0,0,0,59,78,94,41,168,121,185,149,120,0,116,0,68,51,164,0,139,220,0,168,133,162,236,201,0,145,106,72,91,133,86,0,107,122,82,33,58,62,0,110,119,0,79,0
"Sbj12_Time2",2,12,1,-3.25,-3.35,0,0,152,0,71,0,39,0,77,36,0,0,0,118,0,148,0,0,66,62,176,173,137,224,119,156,119,153,250,0,21,155,110,67,80,0,95,87,0,114,51,25,34,71,62,0,123,0,73,55
"Sbj12_Time3",3,12,1,-3.25,-3.35,63,99,0,24,0,0,0,78,0,35,183,0,0,123,115,0,122,151,45,0,0,180,141,0,123,163,121,154,245,0,44,149,102,47,89,131,0,67,0,118,0,43,0,53,62,113,125,63,100,46
"Sbj12_Time4",4,12,1,-3.25,-3.35,0,97,127,22,0,0,52,81,71,26,156,91,0,125,0,127,122,124,0,73,0,171,151,222,108,0,0,162,0,0,30,0,108,54,84,0,91,84,119,115,0,47,39,0,54,101,128,72,64,41
"Sbj12_Time5",5,12,1,-3.25,-3.35,0,0,0,35,0,60,0,86,76,0,158,0,172,135,117,160,130,154,0,0,176,0,0,212,115,179,125,0,0,0,0,148,135,0,89,145,109,84,0,128,0,0,32,63,0,91,113,79,89,70
"Sbj12_Time6",6,12,1,-3.25,-3.35,78,0,0,42,0,65,0,0,0,36,166,117,160,0,0,0,0,0,0,98,179,0,0,0,122,170,125,0,0,0,0,0,109,48,87,153,0,51,110,126,0,0,20,75,55,0,116,81,0,0
"Sbj12_Time7",7,12,1,-3.25,-3.35,70,0,124,34,0,49,0,88,0,19,0,0,0,148,137,0,98,0,73,0,0,174,131,0,0,0,0,165,243,205,37,146,124,70,73,0,90,81,103,112,87,22,17,57,43,98,123,79,78,0
"Sbj12_Time8",8,12,1,-3.25,-3.35,52,112,123,37,73,78,0,0,0,0,0,107,168,0,0,153,124,132,0,0,175,158,152,0,0,151,116,166,0,208,41,145,109,61,0,142,105,73,118,116,69,49,45,0,51,113,138,80,0,0
"Sbj12_Time9",9,12,1,-3.25,-3.35,66,93,0,36,56,0,0,80,0,0,0,0,175,161,135,0,131,130,0,0,0,0,138,0,0,166,126,0,249,0,20,148,104,51,83,135,87,78,118,102,0,40,0,76,0,97,122,0,48,54
"Sbj13_Time1",1,13,0,-8.25,-8.35,47,37,0,120,0,106,132,96,0,0,84,47,0,35,0,73,87,113,107,135,0,40,37,109,0,119,121,32,0,117,104,101,74,0,50,64,0,48,77,63,0,98,81,0,85,0,48,60,0,55
"Sbj13_Time10",10,13,0,-8.25,-8.35,44,74,0,0,58,106,0,0,97,0,0,0,144,109,125,0,0,0,51,0,0,90,0,130,70,0,0,28,99,30,0,156,0,59,93,54,97,96,0,109,38,87,68,63,81,84,101,68,42,0
"Sbj13_Time2",2,13,0,-8.25,-8.35,0,73,137,0,0,104,0,103,99,21,115,0,0,0,132,110,0,0,0,0,0,109,137,126,81,71,0,0,74,23,39,169,90,0,56,52,95,0,71,126,0,0,78,0,83,79,0,52,50,0
"Sbj13_Time3",3,13,0,-8.25,-8.35,25,85,0,0,37,102,0,0,0,34,0,88,154,127,0,115,0,0,39,0,0,76,0,111,0,82,103,26,80,0,30,157,100,59,86,47,81,119,82,121,0,0,70,83,90,105,0,44,53,97
"Sbj13_Time4",4,13,0,-8.25,-8.35,0,0,0,100,0,109,63,106,0,0,0,86,138,106,0,94,149,50,49,0,0,0,138,0,53,98,117,0,72,0,31,147,0,52,71,0,74,120,65,136,44,112,0,69,0,85,102,55,0,99
"Sbj13_Time5",5,13,0,-8.25,-8.35,42,73,0,0,49,97,53,0,94,0,139,0,138,0,123,112,169,40,39,0,53,106,128,0,0,82,0,0,0,41,0,155,103,71,0,56,0,113,0,134,52,78,69,74,0,94,85,49,41,92
"Sbj13_Time6",6,13,0,-8.25,-8.35,40,62,0,111,38,0,0,88,102,43,120,97,138,116,129,122,122,32,50,0,69,95,0,117,0,90,0,50,71,40,0,148,0,68,0,76,84,106,0,130,57,102,0,70,96,102,0,48,65,110
"Sbj13_Time7",7,13,0,-8.25,-8.35,0,0,120,106,0,0,0,86,0,0,0,87,0,123,121,0,159,0,0,170,0,0,0,113,67,0,0,51,0,45,17,0,109,63,0,47,78,123,66,135,0,108,75,0,87,0,77,0,0,88
"Sbj13_Time8",8,13,0,-8.25,-8.35,26,73,124,120,67,0,0,88,93,37,155,90,0,0,110,0,142,56,46,159,0,0,143,0,0,82,102,24,106,0,0,0,83,86,0,0,88,116,57,120,49,120,67,0,0,97,0,60,60,117
"Sbj13_Time9",9,13,0,-8.25,-8.35,21,83,0,111,0,107,0,116,0,39,0,89,148,0,148,0,0,62,0,0,50,97,126,0,0,0,0,22,66,34,35,0,87,70,76,57,100,117,67,119,47,108,74,76,86,0,112,70,39,105
"Sbj14_Time1",1,14,0,-7.25,2.65,0,0,46,0,68,34,51,0,0,98,0,133,0,0,54,42,56,0,67,0,0,35,0,58,0,0,78,0,0,0,130,0,64,111,87,88,118,84,0,60,0,101,40,0,61,96,42,46,46,0
"Sbj14_Time10",10,14,0,-7.25,2.65,26,59,0,70,0,131,0,112,114,78,0,166,162,0,118,67,0,49,71,151,72,62,0,0,0,0,0,40,175,0,20,0,78,0,103,0,58,0,0,76,116,0,0,37,65,82,62,0,82,0
"Sbj14_Time2",2,14,0,-7.25,2.65,44,0,0,81,102,127,0,118,136,73,0,0,150,143,0,0,0,52,66,0,0,0,107,0,119,0,80,0,166,74,20,104,93,69,91,54,86,82,93,76,0,57,26,0,0,68,77,77,70,132
"Sbj14_Time3",3,14,0,-7.25,2.65,38,60,0,0,101,118,53,106,123,0,118,0,139,140,112,0,71,0,0,172,80,44,108,0,0,84,0,26,0,72,36,98,125,0,90,65,62,68,0,95,115,69,0,39,58,62,74,91,76,150
"Sbj14_Time4",4,14,0,-7.25,2.65,0,0,0,51,104,125,0,106,0,56,121,163,153,0,109,0,0,0,90,139,0,0,106,0,118,0,88,55,0,68,26,93,106,0,79,0,0,0,71,97,114,58,34,41,61,88,61,55,70,0
"Sbj14_Time5",5,14,0,-7.25,2.65,24,0,125,80,0,0,45,0,0,57,108,167,147,0,115,79,0,55,89,143,95,46,90,164,101,93,0,0,161,0,26,0,80,0,86,63,0,80,73,0,128,0,42,0,0,0,54,0,0,130
"Sbj14_Time6",6,14,0,-7.25,2.65,26,62,0,80,101,124,0,0,112,53,0,186,146,127,0,0,0,32,0,0,0,52,109,172,0,83,107,22,176,98,0,0,96,60,0,44,88,77,73,87,133,55,0,34,42,71,58,81,61,150
"Sbj14_Time7",7,14,0,-7.25,2.65,40,56,135,0,97,124,44,0,0,76,0,157,0,157,115,73,0,35,76,159,0,0,0,178,0,78,0,38,160,102,0,109,0,60,85,34,52,95,0,94,0,0,36,47,65,69,65,78,67,143
"Sbj14_Time8",8,14,0,-7.25,2.65,0,61,0,73,102,0,27,0,0,0,108,161,0,124,122,64,52,40,92,0,0,38,91,176,98,105,86,0,0,0,0,99,0,61,0,23,0,0,79,89,124,0,35,69,51,77,76,54,81,148
"Sbj14_Time9",9,14,0,-7.25,2.65,0,0,136,0,102,0,47,87,110,0,127,174,142,155,0,67,0,42,91,155,78,50,107,175,0,90,0,24,169,0,0,125,0,76,63,0,69,93,69,101,128,44,0,34,0,63,51,69,73,147
"Sbj15_Time1",1,15,1,-4.25,-1.35,78,0,0,0,0,0,0,43,0,22,0,121,0,115,47,0,39,52,133,0,0,0,144,0,0,196,113,140,127,0,155,113,126,98,106,144,61,118,82,92,43,94,99,83,52,41,69,44,111,46
"Sbj15_Time10",10,15,1,-4.25,-1.35,86,0,101,0,144,41,85,51,0,44,0,67,0,107,123,60,153,57,27,82,121,180,0,0,0,0,147,114,0,151,40,0,0,0,120,68,77,131,117,87,0,0,98,0,66,67,82,75,39,82
"Sbj15_Time2",2,15,1,-4.25,-1.35,0,0,0,35,0,0,98,54,83,27,0,0,0,102,112,49,140,58,29,0,0,202,158,216,0,161,144,0,0,0,0,124,0,66,144,39,70,132,115,81,92,60,0,40,49,50,0,67,54,72
"Sbj15_Time3",3,15,1,-4.25,-1.35,84,0,0,41,130,28,93,70,70,25,102,62,0,113,118,58,0,65,25,98,144,184,159,0,162,144,158,133,157,162,27,124,79,70,133,0,0,132,106,69,99,71,64,0,52,57,0,38,50,62
"Sbj15_Time4",4,15,1,-4.25,-1.35,95,0,88,41,0,41,0,46,74,34,98,80,116,0,0,0,0,44,30,88,137,0,153,205,149,177,0,111,0,0,51,119,75,75,120,56,80,151,113,79,0,69,116,50,46,58,68,0,55,65
"Sbj15_Time5",5,15,1,-4.25,-1.35,84,81,0,0,0,60,0,41,76,47,122,61,0,117,0,0,134,60,23,0,147,202,123,225,161,0,159,118,0,174,45,0,80,86,0,0,57,148,110,66,102,62,85,52,51,56,0,48,30,62
"Sbj15_Time6",6,15,1,-4.25,-1.35,74,55,0,0,142,0,93,47,0,0,110,57,0,0,128,67,143,50,23,94,136,0,0,221,170,0,161,132,168,133,0,122,0,0,133,67,70,138,0,60,85,0,0,65,57,54,83,42,42,69
"Sbj15_Time7",7,15,1,-4.25,-1.35,86,84,0,33,122,52,107,42,69,40,0,59,0,0,125,0,142,70,25,97,0,0,0,218,180,164,152,0,164,169,38,130,0,78,130,66,85,0,104,82,85,80,96,36,73,0,0,49,0,51
"Sbj15_Time8",8,15,1,-4.25,-1.35,0,83,0,30,107,35,95,64,0,45,119,55,116,104,114,47,130,0,21,0,146,0,172,224,0,155,0,0,160,148,0,129,0,79,102,63,93,137,98,0,86,88,0,50,71,0,79,69,53,0
"Sbj15_Time9",9,15,1,-4.25,-1.35,0,89,110,66,0,0,0,59,76,45,97,72,120,0,0,61,132,52,22,83,120,0,0,216,0,0,161,123,156,157,0,120,97,83,0,59,82,0,103,0,0,74,84,39,0,57,0,29,36,58
"Sbj16_Time1",1,16,1,2.75,2.65,0,0,93,0,45,0,0,0,107,97,0,0,110,0,0,0,33,39,121,103,148,193,169,187,139,131,0,0,122,154,0,146,100,86,101,136,141,118,128,0,0,81,53,0,147,148,126,53,88,0
"Sbj16_Time10",10,16,1,2.75,2.65,92,0,125,54,0,121,0,29,85,93,0,0,167,0,138,72,0,71,0,80,221,0,204,196,118,119,135,0,248,117,23,148,70,0,56,0,74,38,0,41,80,83,0,96,0,137,178,0,139,79
"Sbj16_Time2",2,16,1,2.75,2.65,76,104,96,0,77,0,0,0,70,93,0,121,0,55,0,92,96,31,41,53,221,166,196,201,0,129,154,207,241,133,29,147,0,101,0,0,0,0,0,59,81,94,95,0,121,0,0,116,119,90
"Sbj16_Time3",3,16,1,2.75,2.65,67,0,110,52,99,123,0,42,0,96,0,128,0,0,128,90,102,40,59,0,204,0,199,199,116,138,116,211,232,138,0,141,70,100,39,58,0,34,0,54,85,88,110,0,103,133,176,0,109,90
"Sbj16_Time4",4,16,1,2.75,2.65,0,109,140,0,0,0,0,43,68,102,119,0,173,0,144,80,82,0,59,48,0,0,206,205,0,0,125,201,242,140,26,0,0,96,46,0,59,0,61,0,92,90,0,90,0,0,166,87,118,74
"Sbj16_Time5",5,16,1,2.75,2.65,79,118,124,0,0,103,52,0,57,106,139,122,0,76,122,104,94,44,0,51,217,0,0,0,119,126,129,204,219,140,16,0,0,0,41,68,79,0,0,49,75,0,0,0,99,0,162,109,121,81
"Sbj16_Time6",6,16,1,2.75,2.65,102,0,119,47,0,104,0,0,66,0,0,0,0,0,147,103,97,36,0,74,200,169,195,190,0,0,0,189,0,144,0,0,0,111,0,71,68,36,63,0,94,104,102,100,110,129,170,101,127,81
"Sbj16_Time7",7,16,1,2.75,2.65,89,0,0,78,89,102,0,0,60,98,0,136,0,60,118,0,92,36,0,0,0,0,184,0,106,138,139,208,0,126,22,149,85,95,0,56,0,23,0,47,93,94,112,80,0,136,164,106,110,85
"Sbj16_Time8",8,16,1,2.75,2.65,85,0,131,60,0,106,0,44,0,83,145,0,163,47,146,98,89,46,48,47,216,187,182,199,119,141,131,203,0,154,0,136,0,90,25,66,58,30,59,37,94,98,104,0,0,124,155,79,122,90
"Sbj16_Time9",9,16,1,2.75,2.65,0,0,0,53,78,92,47,39,61,80,0,0,0,0,148,0,0,0,61,69,212,0,198,193,129,129,128,209,0,0,39,115,95,88,32,0,0,44,70,38,0,0,95,76,0,129,145,105,127,66
"Sbj17_Time1",1,17,0,-6.25,-6.35,105,0,42,0,0,0,0,0,0,0,66,0,65,0,100,98,102,113,132,95,0,0,78,0,124,0,0,108,129,0,86,66,0,128,82,44,0,50,65,93,134,86,139,92,74,39,105,58,78,122
"Sbj17_Time10",10,17,0,-6.25,-6.35,69,0,0,0,0,83,51,108,0,103,70,185,133,0,130,0,123,67,88,72,0,67,97,88,36,77,146,0,96,0,55,131,0,73,137,0,65,0,94,0,0,122,0,50,0,0,73,139,0,0
"Sbj17_Time2",2,17,0,-6.25,-6.35,0,0,0,87,0,0,0,0,0,95,0,181,0,57,108,140,91,57,67,81,0,0,0,85,12,0,149,11,99,10,0,118,29,0,125,97,0,45,0,68,74,0,60,62,130,58,68,0,125,74
"Sbj17_Time3",3,17,0,-6.25,-6.35,82,108,0,90,76,59,0,92,129,109,0,183,0,38,111,131,94,0,71,48,29,0,92,76,0,73,151,27,0,33,49,135,0,0,133,112,72,48,124,0,61,112,51,0,109,49,0,138,126,70
"Sbj17_Time4",4,17,0,-6.25,-6.35,87,101,47,0,91,0,59,114,0,0,55,0,0,40,125,140,112,50,64,0,50,0,102,76,32,82,169,0,119,0,68,0,45,107,129,101,0,52,102,0,61,115,48,58,0,0,85,138,0,94
"Sbj17_Time5",5,17,0,-6.25,-6.35,85,96,51,0,70,78,62,0,0,88,59,0,151,0,0,0,121,40,0,89,0,0,0,0,40,0,145,24,99,36,57,109,52,0,0,92,74,73,0,92,41,0,0,41,109,47,77,0,139,0
"Sbj17_Time6",6,17,0,-6.25,-6.35,0,91,44,0,87,0,0,0,0,0,65,0,0,40,120,127,110,56,0,86,57,50,89,94,27,72,0,22,102,0,0,105,59,77,132,105,70,64,103,104,63,119,0,0,0,0,70,160,133,73
"Sbj17_Time7",7,17,0,-6.25,-6.35,89,0,43,0,90,70,65,102,118,96,77,189,0,60,0,139,0,77,68,74,57,39,87,88,43,0,0,43,0,26,57,0,0,81,131,0,78,55,0,86,47,103,69,0,0,73,46,0,0,0
"Sbj17_Time8",8,17,0,-6.25,-6.35,0,106,48,93,82,68,65,0,0,0,50,0,0,42,107,0,111,44,82,71,63,55,104,89,25,63,0,39,107,0,0,0,40,91,133,0,96,58,0,0,55,0,33,78,131,0,47,144,0,73
"Sbj17_Time9",9,17,0,-6.25,-6.35,0,94,49,0,97,79,61,0,0,93,0,0,148,38,0,131,114,0,87,71,54,74,103,91,37,63,138,20,106,47,46,126,13,0,127,122,76,58,124,0,56,117,50,67,140,0,63,136,127,84
"Sbj18_Time1",1,18,0,-7.25,-0.350000000000001,85,59,0,0,0,120,89,0,0,99,0,0,72,64,0,104,0,129,0,0,139,98,0,106,130,80,62,0,0,0,76,0,101,0,0,0,121,84,0,0,0,99,0,83,139,71,68,76,70,102
"Sbj18_Time10",10,18,0,-7.25,-0.350000000000001,94,0,0,62,85,78,0,69,75,53,101,140,174,121,0,0,0,0,109,139,48,104,131,140,51,42,0,116,131,0,125,0,56,107,105,97,0,0,69,0,109,18,14,0,0,140,97,103,133,60
"Sbj18_Time2",2,18,0,-7.25,-0.350000000000001,100,0,0,41,0,0,71,71,76,54,90,133,174,112,0,163,80,0,98,140,60,107,127,0,0,48,138,94,141,102,0,0,59,109,116,97,34,42,0,81,0,24,34,50,160,141,109,0,115,58
"Sbj18_Time3",3,18,0,-7.25,-0.350000000000001,91,0,109,0,0,0,0,87,0,40,77,0,162,133,72,140,67,81,129,144,0,108,115,161,0,0,0,0,124,121,96,0,45,111,0,72,52,0,0,77,0,30,41,0,142,141,98,0,0,55
"Sbj18_Time4",4,18,0,-7.25,-0.350000000000001,96,0,0,61,86,94,0,80,79,37,85,0,0,0,0,151,66,0,111,146,68,0,109,123,52,38,141,0,117,131,120,0,0,124,110,78,29,46,0,0,92,26,0,21,0,0,99,0,0,50
"Sbj18_Time5",5,18,0,-7.25,-0.350000000000001,0,0,0,57,0,87,0,72,0,50,100,141,0,132,74,0,59,69,0,0,76,0,0,134,75,32,132,94,130,0,114,62,0,0,0,0,33,0,0,80,107,0,28,0,165,151,0,105,137,0
"Sbj18_Time6",6,18,0,-7.25,-0.350000000000001,0,37,0,64,75,105,0,0,91,46,70,124,0,0,0,0,82,76,0,0,0,0,0,0,55,0,126,103,0,95,124,52,69,118,89,67,0,30,67,0,100,43,0,32,140,142,0,104,0,60
"Sbj18_Time7",7,18,0,-7.25,-0.350000000000001,0,0,132,56,84,90,0,84,91,0,0,124,169,0,0,138,71,0,106,148,65,106,115,0,67,33,113,0,131,114,104,60,63,0,89,94,0,18,86,100,103,35,27,33,159,130,112,106,117,59
"Sbj18_Time8",8,18,0,-7.25,-0.350000000000001,0,39,93,0,88,94,0,84,0,52,85,118,145,114,0,143,92,71,109,134,45,0,0,0,43,36,0,126,136,0,0,39,60,137,101,103,31,0,93,71,114,50,36,30,0,149,81,106,0,57
"Sbj18_Time9",9,18,0,-7.25,-0.350000000000001,0,28,111,42,0,96,79,0,110,69,99,135,153,0,0,134,86,0,100,147,49,0,0,136,50,35,132,98,0,119,113,0,0,124,100,0,0,24,0,94,99,38,41,0,0,154,96,119,128,64
"Sbj19_Time1",1,19,1,-8.25,4.65,128,39,0,0,86,46,0,116,0,0,135,89,0,0,0,0,123,0,32,0,0,151,0,0,190,211,201,0,156,0,0,83,119,145,113,96,38,73,39,65,118,41,0,0,75,108,122,84,55,42
"Sbj19_Time10",10,19,1,-8.25,4.65,30,0,117,69,43,138,75,108,88,31,140,82,110,0,72,77,114,0,77,99,0,0,202,176,108,0,197,0,147,0,37,129,0,95,54,0,0,0,0,90,30,78,0,134,111,137,114,123,92,130
"Sbj19_Time2",2,19,1,-8.25,4.65,0,0,0,64,53,149,75,128,65,0,0,86,91,0,0,74,122,0,94,70,132,148,0,167,106,176,187,0,151,126,39,114,129,106,55,127,54,0,137,0,37,0,0,110,130,139,106,122,120,0
"Sbj19_Time3",3,19,1,-8.25,4.65,29,149,133,0,0,0,73,0,68,0,135,92,0,57,98,79,0,0,70,77,136,162,217,160,111,0,192,0,0,135,0,114,136,105,36,137,41,0,0,100,27,0,29,0,143,152,130,113,94,123
"Sbj19_Time4",4,19,1,-8.25,4.65,0,0,0,0,0,0,75,0,68,0,144,0,106,55,0,71,111,0,0,70,143,165,229,173,0,0,192,0,130,155,44,138,125,77,27,133,0,105,0,98,32,113,39,114,133,139,111,120,91,146
"Sbj19_Time5",5,19,1,-8.25,4.65,28,0,0,83,0,0,0,118,65,0,0,95,0,41,0,53,0,73,0,0,139,0,234,167,0,0,0,102,0,0,47,143,134,0,0,128,0,0,0,100,24,104,19,126,143,0,120,117,107,0
"Sbj19_Time6",6,19,1,-8.25,4.65,31,144,145,92,0,140,0,95,0,0,0,0,98,51,0,80,106,71,88,76,0,160,202,0,118,0,0,103,137,0,44,124,0,111,31,139,0,100,0,81,0,104,31,113,120,132,98,0,112,131
"Sbj19_Time7",7,19,1,-8.25,4.65,27,0,0,0,0,124,75,0,73,0,0,0,106,31,88,60,134,0,92,78,136,174,220,0,0,0,193,111,150,147,32,152,133,0,47,126,47,117,0,97,0,0,0,119,0,147,116,139,109,130
"Sbj19_Time8",8,19,1,-8.25,4.65,39,127,0,84,0,0,83,111,0,0,130,75,110,40,0,68,98,0,67,83,139,0,218,0,105,193,0,0,154,0,35,129,0,103,43,142,55,0,146,103,46,94,26,127,122,148,93,0,122,140
"Sbj19_Time9",9,19,1,-8.25,4.65,53,0,144,0,39,148,0,115,0,18,0,0,0,39,0,49,0,60,0,0,0,162,0,190,0,0,198,114,157,0,48,0,105,109,0,127,0,83,145,85,0,102,0,117,0,0,114,127,117,116
"Sbj2_Time1",1,2,0,4.75,6.65,0,0,122,0,0,92,0,0,94,25,0,0,66,0,0,0,0,82,34,0,107,25,0,51,56,65,0,0,0,0,132,109,0,105,50,107,63,40,0,40,45,126,45,82,111,129,0,0,69,0
"Sbj2_Time10",10,2,0,4.75,6.65,35,0,63,53,73,101,0,0,0,45,0,91,136,0,0,0,84,0,90,0,86,0,86,140,83,81,58,122,118,0,46,0,0,0,62,96,68,0,43,34,71,0,83,86,91,132,104,128,83,0
"Sbj2_Time2",2,2,0,4.75,6.65,0,0,91,0,79,87,30,94,0,53,78,84,0,0,0,146,0,0,91,93,64,86,69,150,71,0,55,104,119,97,36,130,75,93,60,95,0,44,0,53,0,133,0,98,115,128,137,111,86,94
"Sbj2_Time3",3,2,0,4.75,6.65,0,0,0,72,0,94,22,0,0,0,90,80,0,0,96,0,0,0,0,76,81,0,74,141,0,55,47,0,117,100,0,144,0,73,48,0,54,58,0,41,0,119,90,74,100,128,126,111,69,0
"Sbj2_Time4",4,2,0,4.75,6.65,0,0,82,67,66,0,45,0,39,0,0,0,0,65,112,0,87,61,90,76,0,0,72,164,73,0,0,110,113,101,12,129,0,89,51,113,0,56,52,0,67,0,77,72,112,139,0,0,93,104
"Sbj2_Time5",5,2,0,4.75,6.65,46,0,0,0,56,0,33,0,0,0,0,103,0,0,118,0,0,0,83,85,75,0,65,130,0,55,68,110,119,98,36,142,86,101,41,0,63,0,72,61,66,104,67,0,97,136,130,122,40,94
"Sbj2_Time6",6,2,0,4.75,6.65,0,0,90,0,82,91,0,0,0,0,0,96,143,39,102,132,59,0,96,78,62,0,84,169,82,0,79,109,0,0,25,145,76,85,63,0,78,38,57,62,0,0,73,98,97,0,120,100,60,96
"Sbj2_Time7",7,2,0,4.75,6.65,0,0,0,63,67,0,0,84,0,0,0,103,132,66,117,0,59,85,78,82,103,0,87,155,77,0,0,0,119,100,42,130,80,0,45,87,50,0,57,0,0,124,82,96,0,0,104,111,51,82
"Sbj2_Time8",8,2,0,4.75,6.65,0,99,0,72,49,98,0,0,0,0,85,94,0,71,110,0,78,82,0,84,76,70,74,161,75,0,64,0,102,104,0,129,105,0,50,0,0,0,40,54,85,118,80,74,94,139,121,0,79,0
"Sbj2_Time9",9,2,0,4.75,6.65,0,138,106,71,63,0,0,0,0,43,0,88,115,0,100,0,76,81,70,0,0,0,78,143,98,64,59,132,123,0,37,152,89,81,0,94,56,74,66,0,54,0,98,95,102,0,0,115,89,103
"Sbj20_Time1",1,20,1,-13.25,3.65,0,0,48,61,77,0,74,0,45,0,106,0,0,0,70,62,61,76,59,96,158,0,117,178,137,192,189,163,171,0,43,116,74,40,85,0,60,55,0,96,130,57,51,0,72,67,141,92,90,0
"Sbj20_Time10",10,20,1,-13.25,3.65,56,0,0,0,113,0,0,90,36,0,115,0,0,0,0,152,113,68,101,107,150,145,0,161,136,178,0,168,232,166,0,0,42,0,95,107,55,90,114,0,0,111,0,76,114,48,99,0,108,87
"Sbj20_Time2",2,20,1,-13.25,3.65,0,0,55,89,120,130,73,0,41,0,0,177,156,0,0,154,0,51,0,0,146,150,0,0,122,158,0,157,231,169,82,125,54,21,87,122,67,0,117,111,81,0,0,82,0,54,0,118,100,97
"Sbj20_Time3",3,20,1,-13.25,3.65,32,0,57,0,134,121,68,0,61,0,0,176,0,0,62,0,0,57,0,0,0,155,0,174,108,176,192,150,219,171,0,0,0,40,89,0,72,99,118,0,0,115,112,83,0,48,90,124,99,108
"Sbj20_Time4",4,20,1,-13.25,3.65,23,85,82,0,0,102,74,0,0,68,135,177,0,132,0,153,0,57,0,0,151,141,151,192,102,0,201,151,205,159,77,138,59,50,0,132,59,97,0,0,80,0,96,0,94,45,83,112,103,91
"Sbj20_Time5",5,20,1,-13.25,3.65,39,92,0,0,111,0,0,91,34,0,120,187,138,122,0,147,0,0,123,83,0,144,161,0,111,0,0,0,205,0,95,121,49,43,89,125,72,100,0,0,90,110,0,82,112,61,112,117,0,0
"Sbj20_Time6",6,20,1,-13.25,3.65,37,106,0,76,0,122,61,77,31,0,0,160,0,138,49,0,0,57,117,0,131,149,0,0,117,0,180,0,214,0,76,134,41,28,101,0,0,0,117,120,74,106,103,81,78,0,90,130,109,100
"Sbj20_Time7",7,20,1,-13.25,3.65,41,93,0,0,113,0,0,100,0,56,0,164,140,134,39,130,104,55,102,0,0,177,145,0,0,173,201,0,214,148,81,133,71,0,87,138,69,85,96,0,73,102,116,88,100,0,124,0,97,78
"Sbj20_Time8",8,20,1,-13.25,3.65,0,0,0,85,0,135,0,0,49,59,123,0,140,124,65,144,111,77,0,0,164,139,140,0,0,0,182,127,214,0,0,0,0,12,86,128,76,85,0,0,75,0,93,78,87,48,93,109,80,111
"Sbj20_Time9",9,20,1,-13.25,3.65,0,103,81,0,100,133,47,84,46,0,0,0,0,130,0,144,101,58,113,106,0,0,131,0,128,0,197,0,221,183,83,136,54,28,87,136,62,0,101,82,96,115,109,68,92,67,108,114,113,0
"Sbj3_Time1",1,3,1,1.75,1.65,96,0,71,0,38,105,101,50,64,104,109,0,48,0,138,50,95,81,0,83,165,138,0,0,0,210,204,180,192,141,0,51,46,79,82,108,54,86,121,40,45,109,103,51,68,30,17,120,69,0
"Sbj3_Time10",10,3,1,1.75,1.65,40,24,0,69,44,89,33,94,39,0,0,0,98,84,0,80,0,64,109,133,0,153,189,236,143,0,0,185,0,216,81,100,78,58,107,0,62,25,98,0,127,74,75,38,152,113,66,94,0,138
"Sbj3_Time2",2,3,1,1.75,1.65,28,0,0,60,0,0,32,97,0,0,89,0,0,0,76,0,73,0,98,133,198,0,169,0,161,129,186,0,159,0,99,0,0,63,108,0,60,39,103,82,0,0,84,36,150,115,60,72,98,117
"Sbj3_Time3",3,3,1,1.75,1.65,0,0,0,0,0,0,0,0,41,0,71,0,0,82,69,0,0,69,110,130,205,156,0,241,155,158,209,171,161,206,0,95,0,40,114,122,71,0,95,55,116,0,0,74,121,108,60,66,80,124
"Sbj3_Time4",4,3,1,1.75,1.65,51,0,147,58,59,94,35,97,38,66,0,0,98,0,0,0,0,0,118,140,0,0,176,258,145,148,183,189,173,0,95,0,0,35,0,109,0,40,79,0,118,70,84,0,133,0,53,70,74,0
"Sbj3_Time5",5,3,1,1.75,1.65,36,0,0,0,0,0,57,96,45,48,77,0,74,61,0,0,0,61,132,119,204,0,0,224,137,0,177,176,0,185,108,107,83,0,0,129,70,0,0,74,114,93,74,48,134,99,62,73,97,115
"Sbj3_Time6",6,3,1,1.75,1.65,42,0,0,67,0,0,0,0,34,78,0,0,83,0,72,95,76,0,0,118,202,0,0,241,131,155,190,0,166,0,95,107,91,76,0,101,72,29,114,68,0,83,95,42,0,116,0,78,86,117
"Sbj3_Time7",7,3,1,1.75,1.65,39,0,0,0,51,79,22,106,37,86,83,136,88,0,75,78,62,0,107,134,203,136,178,234,141,0,189,168,0,0,0,94,64,46,121,101,76,0,111,76,0,0,91,57,160,0,59,84,0,112
"Sbj3_Time8",8,3,1,1.75,1.65,0,0,0,69,46,0,0,87,29,73,79,156,98,0,85,0,0,0,129,115,0,138,187,253,139,0,0,186,0,209,91,0,99,62,0,0,69,44,87,92,100,85,0,39,122,0,54,75,0,129
"Sbj3_Time9",9,3,1,1.75,1.65,17,0,145,79,44,0,19,0,0,75,0,0,0,0,71,81,66,64,109,138,208,0,201,0,0,0,186,0,152,207,0,0,100,57,99,0,73,30,96,0,120,0,78,43,133,115,46,81,96,116
"Sbj4_Time1",1,4,1,11.75,-7.35,0,0,63,0,107,100,0,0,0,0,74,129,95,0,114,73,106,0,0,108,189,206,0,0,176,221,196,0,149,0,64,128,93,50,0,0,38,81,80,0,0,59,0,0,88,133,91,138,27,0
"Sbj4_Time10",10,4,1,11.75,-7.35,0,112,129,133,0,143,44,0,0,73,0,127,135,94,79,148,160,115,84,78,0,160,0,173,119,142,0,143,0,0,0,99,0,102,138,37,92,124,135,92,0,59,111,0,105,111,64,95,32,140
"Sbj4_Time2",2,4,1,11.75,-7.35,62,0,0,121,0,0,40,120,0,98,85,138,135,73,105,144,161,0,78,0,0,161,0,173,0,153,138,0,0,157,0,109,0,0,149,37,73,130,0,0,39,41,95,47,93,68,0,74,0,148
"Sbj4_Time3",3,4,1,11.75,-7.35,83,0,0,122,95,0,0,114,128,0,0,124,0,77,95,134,0,105,0,0,0,0,105,183,0,139,154,0,212,161,78,103,0,0,133,0,91,0,149,64,35,64,109,46,0,96,63,85,41,0
"Sbj4_Time4",4,4,1,11.75,-7.35,0,0,112,113,0,132,39,0,0,89,0,129,0,83,72,150,154,111,58,52,183,156,0,164,0,142,150,0,191,166,93,105,114,0,0,40,86,138,136,72,35,59,115,49,97,107,47,79,25,135
"Sbj4_Time5",5,4,1,11.75,-7.35,0,114,0,131,112,0,47,0,0,93,0,0,0,67,0,0,0,104,85,0,187,154,113,177,0,0,141,135,190,158,0,0,97,0,125,34,80,142,141,83,0,49,0,71,97,94,0,93,0,156
"Sbj4_Time6",6,4,1,11.75,-7.35,87,101,93,0,0,141,38,0,111,90,0,0,0,73,87,133,162,0,0,0,0,173,134,161,121,0,147,144,192,148,101,103,108,104,152,32,0,142,140,87,0,51,0,0,84,96,57,98,13,147
"Sbj4_Time7",7,4,1,11.75,-7.35,0,133,94,0,100,133,29,117,0,0,95,0,126,101,98,138,0,0,0,0,0,0,0,163,128,127,141,0,201,0,0,0,90,0,0,0,82,134,0,82,33,42,109,46,79,104,48,0,0,144
"Sbj4_Time8",8,4,1,11.75,-7.35,89,0,117,121,0,132,24,118,0,93,0,0,0,82,0,147,154,0,82,0,0,0,123,0,123,149,154,148,198,0,97,95,0,120,0,0,73,116,0,74,12,42,0,50,78,0,61,64,43,139
"Sbj4_Time9",9,4,1,11.75,-7.35,86,127,100,0,127,133,0,108,0,0,93,135,141,0,63,146,169,115,91,58,190,0,117,175,113,0,142,0,200,0,102,0,97,103,0,54,78,0,150,0,36,0,0,0,104,97,59,85,38,143
"Sbj5_Time1",1,5,0,13.75,1.65,109,0,64,127,99,86,111,0,85,0,92,123,82,0,91,0,32,135,72,0,0,36,0,0,12,0,104,78,91,38,50,36,86,126,108,95,85,116,89,70,111,105,132,66,111,117,51,0,97,0
"Sbj5_Time10",10,5,0,13.75,1.65,0,0,134,0,70,0,0,0,0,72,0,165,0,87,0,65,179,0,22,0,0,47,81,144,0,72,0,0,174,0,63,120,0,42,123,0,31,77,92,100,128,0,26,37,0,0,0,71,74,129
"Sbj5_Time2",2,5,0,13.75,1.65,0,42,141,102,0,51,0,63,152,0,0,0,138,92,0,60,0,0,27,0,91,0,0,0,119,0,0,30,165,42,64,157,89,42,0,0,38,0,79,104,120,56,0,54,78,133,0,53,75,133
"Sbj5_Time3",3,5,0,13.75,1.65,36,40,0,110,0,0,0,0,149,104,110,0,0,67,104,64,164,0,29,70,59,16,62,0,0,82,0,28,178,48,45,164,102,41,125,119,34,70,0,113,146,0,35,0,79,125,0,84,77,117
"Sbj5_Time4",4,5,0,13.75,1.65,40,0,0,87,0,0,21,81,141,102,83,145,0,95,0,65,0,0,0,0,0,35,0,135,98,0,111,0,0,0,51,144,95,0,0,0,19,0,81,0,117,37,0,0,86,138,104,73,74,0
"Sbj5_Time5",5,5,0,13.75,1.65,0,0,0,100,0,30,26,81,152,0,96,160,0,94,116,68,0,0,27,64,65,0,0,113,92,0,116,39,162,50,40,142,97,41,0,0,20,0,78,127,117,64,0,45,92,126,106,0,0,0
"Sbj5_Time6",6,5,0,13.75,1.65,0,0,142,0,90,41,0,80,136,0,84,151,0,83,110,70,173,70,0,85,71,48,41,136,109,0,119,45,0,44,47,140,0,55,117,128,24,58,81,116,139,0,50,0,89,123,91,64,73,119
"Sbj5_Time7",7,5,0,13.75,1.65,41,0,0,107,0,0,0,87,165,73,92,0,157,89,99,59,0,0,0,0,67,40,0,0,101,70,122,39,173,0,52,0,94,40,144,104,29,76,0,138,132,0,41,60,77,128,114,66,0,129
"Sbj5_Time8",8,5,0,13.75,1.65,0,0,151,103,64,30,0,0,0,0,87,160,153,93,113,76,176,87,0,79,0,0,0,117,95,85,113,11,157,48,51,148,92,33,140,101,0,0,0,118,133,46,0,36,0,0,110,0,70,116
"Sbj5_Time9",9,5,0,13.75,1.65,0,0,140,127,0,0,40,0,0,111,0,161,0,0,0,63,0,96,35,67,56,34,0,126,90,92,105,37,0,34,0,149,92,0,0,125,0,74,73,0,126,71,0,47,102,122,113,90,70,0
"Sbj6_Time1",1,6,0,9.75,-3.35,0,0,0,52,75,0,0,0,80,46,79,0,36,110,118,0,64,47,0,0,73,108,113,0,83,0,118,0,30,25,89,0,0,81,0,93,37,99,0,0,79,71,60,105,123,0,70,0,0,111
"Sbj6_Time10",10,6,0,9.75,-3.35,0,84,0,0,0,70,0,0,124,60,80,0,0,91,0,0,80,102,0,120,0,52,0,155,40,65,175,53,0,80,40,112,149,41,0,0,20,115,48,0,0,47,61,0,0,63,159,37,122,123
"Sbj6_Time2",2,6,0,9.75,-3.35,0,88,0,54,77,0,73,62,120,59,75,136,0,107,72,0,93,97,96,0,0,50,96,156,30,0,164,0,0,0,0,107,0,0,0,46,56,0,71,92,108,0,49,0,136,83,128,40,129,135
"Sbj6_Time3",3,6,0,9.75,-3.35,0,91,123,54,85,0,0,68,0,65,77,0,0,109,70,103,93,0,108,0,113,51,101,0,46,0,0,42,89,74,0,0,123,30,99,34,49,131,0,114,115,72,44,58,121,72,146,44,138,138
"Sbj6_Time4",4,6,0,9.75,-3.35,0,0,0,0,0,62,72,65,0,53,0,129,110,90,0,0,90,91,107,0,0,54,81,0,48,75,160,38,0,71,27,88,136,50,102,41,28,123,0,115,0,54,36,56,128,0,157,0,129,143
"Sbj6_Time5",5,6,0,9.75,-3.35,21,0,130,0,83,0,90,57,0,51,65,0,0,0,0,107,77,0,0,113,0,0,104,169,0,62,180,0,0,63,38,0,143,27,0,0,54,103,42,94,139,61,42,64,124,67,158,45,127,133
"Sbj6_Time6",6,6,0,9.75,-3.35,0,59,127,55,73,0,67,61,0,0,76,139,0,90,77,94,85,0,95,111,119,54,106,132,0,0,0,62,74,74,0,88,161,32,0,24,0,0,0,0,131,89,48,0,129,76,144,68,135,141
"Sbj6_Time7",7,6,0,9.75,-3.35,26,101,117,52,0,0,0,0,123,0,92,128,0,83,55,0,0,89,0,102,122,50,106,150,42,0,174,34,0,87,0,89,154,34,99,48,29,106,51,108,114,75,31,60,124,63,158,42,127,140
"Sbj6_Time8",8,6,0,9.75,-3.35,0,0,0,0,93,0,0,63,121,0,76,133,0,84,0,116,82,100,0,0,0,0,110,143,55,64,0,26,95,83,25,107,140,0,87,35,34,103,79,101,121,68,40,40,0,71,150,51,130,138
"Sbj6_Time9",9,6,0,9.75,-3.35,37,90,0,0,89,0,85,0,116,69,66,130,115,89,0,110,83,81,119,110,113,63,104,159,0,80,158,40,0,0,19,0,150,31,87,23,31,0,0,100,0,65,0,48,127,76,148,0,137,0
"Sbj7_Time1",1,7,1,11.75,-2.35,0,81,0,142,0,0,0,28,50,0,55,45,46,114,0,0,33,115,101,0,194,147,0,0,221,0,150,169,0,0,0,0,70,0,52,0,68,53,125,0,73,90,73,67,106,120,0,108,0,73
"Sbj7_Time10",10,7,1,11.75,-2.35,0,0,0,0,31,0,35,0,0,0,129,0,155,0,73,70,75,0,0,75,153,0,0,156,0,130,135,179,218,187,0,119,118,35,82,36,38,114,115,0,69,118,23,120,114,92,87,69,111,146
"Sbj7_Time2",2,7,1,11.75,-2.35,0,64,69,53,37,129,35,44,60,61,119,168,157,93,79,63,68,49,0,107,132,197,159,162,0,0,157,162,215,216,0,83,0,59,73,46,61,0,109,0,0,104,0,0,0,100,0,43,0,161
"Sbj7_Time3",3,7,1,11.75,-2.35,0,0,0,0,0,121,0,0,69,0,107,0,0,0,83,0,0,29,0,0,0,170,167,169,0,0,0,0,225,210,89,110,142,11,70,0,60,124,125,0,60,110,47,90,124,0,65,0,123,0
"Sbj7_Time4",4,7,1,11.75,-2.35,81,62,0,0,43,0,0,0,69,62,126,0,0,117,77,70,57,44,90,0,139,0,173,145,0,121,135,0,234,204,70,0,141,47,76,35,0,114,0,129,72,87,0,99,148,86,50,35,125,152
"Sbj7_Time5",5,7,1,11.75,-2.35,0,56,44,42,36,138,27,0,0,0,0,0,0,107,0,70,62,31,76,85,143,195,170,159,193,0,0,164,240,197,0,0,133,0,0,47,0,0,146,116,45,91,40,100,134,0,79,80,139,151
"Sbj7_Time6",6,7,1,11.75,-2.35,0,0,60,48,16,0,0,53,67,0,0,149,164,88,0,57,0,42,0,0,141,195,0,0,171,111,172,169,252,0,86,93,139,41,59,53,73,114,141,117,0,103,36,108,148,102,58,54,124,143
"Sbj7_Time7",7,7,1,11.75,-2.35,0,0,68,46,0,0,0,54,55,30,0,140,0,0,0,72,60,0,0,99,0,184,0,0,192,0,152,0,228,0,80,103,110,36,0,66,66,127,122,119,0,92,0,0,148,85,91,0,130,135
"Sbj7_Time8",8,7,1,11.75,-2.35,80,0,82,29,0,152,28,0,42,0,126,141,176,0,59,53,68,0,80,82,0,198,164,166,182,0,0,0,0,205,94,87,133,42,72,36,54,137,110,113,69,0,0,0,0,0,65,57,0,156
"Sbj7_Time9",9,7,1,11.75,-2.35,0,0,68,0,0,0,0,50,0,43,112,152,154,113,84,103,57,39,72,105,0,170,0,0,195,132,0,180,0,185,73,83,135,32,0,36,70,0,118,123,48,95,28,0,139,113,84,68,138,146
"Sbj8_Time1",1,8,1,-3.25,0.649999999999999,0,0,59,0,101,0,104,0,124,70,64,0,0,0,75,55,63,65,58,52,0,0,150,169,181,189,182,0,141,0,99,103,0,98,100,48,109,0,0,0,48,134,0,0,126,0,107,91,91,0
"Sbj8_Time10",10,8,1,-3.25,0.649999999999999,46,0,0,0,150,43,0,43,0,0,87,151,122,0,0,0,57,79,97,113,152,214,149,0,156,99,207,146,244,0,54,87,70,84,129,0,32,98,59,124,139,78,106,60,84,75,178,76,61,78
"Sbj8_Time2",2,8,1,-3.25,0.649999999999999,0,108,0,52,151,79,73,33,74,95,0,0,135,0,0,100,48,0,91,88,177,0,140,133,0,104,199,0,207,0,52,0,72,94,126,0,0,76,0,113,121,77,97,59,55,79,149,81,64,0
"Sbj8_Time3",3,8,1,-3.25,0.649999999999999,0,111,60,0,0,0,68,24,112,0,86,0,130,75,0,0,0,83,75,0,0,222,0,0,0,0,0,0,228,152,40,0,86,0,113,105,24,59,68,134,0,66,98,67,0,0,155,78,63,83
"Sbj8_Time4",4,8,1,-3.25,0.649999999999999,0,0,78,0,0,0,0,46,94,0,0,130,156,92,0,79,0,79,0,103,0,227,168,145,0,115,0,153,0,138,44,90,57,101,141,0,0,0,59,0,0,61,0,46,0,70,182,71,38,90
"Sbj8_Time5",5,8,1,-3.25,0.649999999999999,54,101,64,30,0,57,69,31,0,0,0,0,138,86,160,0,62,0,99,0,182,0,0,137,0,0,191,158,0,135,28,84,0,93,0,110,29,71,67,108,117,64,0,71,57,75,160,72,71,102
"Sbj8_Time6",6,8,1,-3.25,0.649999999999999,47,0,82,29,137,0,59,21,0,105,112,145,133,0,151,67,0,0,97,0,153,212,169,125,0,103,222,155,233,146,56,71,0,0,133,0,49,78,64,0,0,50,106,60,63,88,170,78,58,96
"Sbj8_Time7",7,8,1,-3.25,0.649999999999999,43,105,68,55,149,0,75,35,0,0,88,132,0,96,0,60,65,0,98,96,0,205,164,0,0,0,201,145,231,144,0,0,92,0,132,99,38,83,69,124,139,72,95,67,92,68,142,99,0,84
"Sbj8_Time8",8,8,1,-3.25,0.649999999999999,0,112,0,50,0,0,82,0,0,90,85,0,131,0,0,0,62,68,117,112,157,0,0,0,145,102,0,168,0,148,49,74,59,85,145,95,32,77,85,119,0,60,0,65,68,87,164,95,0,0
"Sbj8_Time9",9,8,1,-3.25,0.649999999999999,0,98,58,0,0,0,65,0,0,0,0,142,0,0,151,0,0,0,0,113,174,220,0,146,0,0,0,158,224,129,0,80,76,97,0,101,36,0,56,0,127,0,0,0,86,92,169,84,67,92
"Sbj9_Time1",1,9,0,9.75,7.65,0,0,0,46,0,58,44,0,24,57,0,0,0,0,0,79,0,119,30,0,0,88,0,135,0,130,102,103,29,0,73,0,102,98,103,0,110,36,0,104,0,0,98,94,83,0,0,122,56,99
"Sbj9_Time10",10,9,0,9.75,7.65,60,104,0,67,47,0,55,0,59,0,82,155,75,0,66,94,0,0,35,0,149,91,54,0,84,43,46,36,0,95,115,126,0,0,121,62,95,97,0,0,53,95,105,42,0,59,52,92,68,82
"Sbj9_Time2",2,9,0,9.75,7.65,64,103,0,0,35,0,33,0,54,0,93,121,80,0,0,100,152,139,0,51,147,84,55,0,69,0,0,0,0,99,107,125,0,136,0,76,69,106,89,42,64,0,69,62,121,51,0,84,73,69
"Sbj9_Time3",3,9,0,9.75,7.65,0,88,0,41,41,0,38,0,0,61,0,0,0,0,0,0,0,0,0,44,122,95,63,0,72,37,42,0,0,108,0,143,108,0,104,0,0,126,84,31,54,67,0,50,0,58,34,72,73,88
"Sbj9_Time4",4,9,0,9.75,7.65,54,0,79,75,35,101,0,0,0,62,0,127,68,88,0,66,0,0,36,48,128,96,0,152,0,46,0,0,0,122,117,0,124,0,120,68,79,0,77,25,52,0,86,40,137,49,16,73,78,77
"Sbj9_Time5",5,9,0,9.75,7.65,58,0,0,51,0,0,38,101,46,53,81,151,0,95,0,73,0,111,37,0,0,0,0,0,0,0,51,25,78,0,117,0,132,0,113,0,88,101,98,23,0,86,0,24,123,0,0,81,84,70
"Sbj9_Time6",6,9,0,9.75,7.65,0,0,61,51,0,113,36,102,48,0,0,121,0,0,42,105,151,119,34,0,127,0,0,0,84,15,41,28,62,0,116,122,0,125,108,0,96,91,83,0,55,0,99,37,132,33,39,67,0,83
"Sbj9_Time7",7,9,0,9.75,7.65,0,80,0,64,14,91,0,0,49,55,0,141,0,87,60,0,159,120,0,67,131,0,41,140,74,46,0,0,90,112,0,141,132,121,0,0,90,105,92,24,0,0,101,26,0,41,0,75,87,75
"Sbj9_Time8",8,9,0,9.75,7.65,0,85,82,0,0,0,44,0,46,0,89,155,84,99,0,0,140,124,0,53,118,94,0,0,0,70,54,17,77,96,0,0,0,147,0,82,0,96,0,34,35,100,84,0,118,0,35,81,81,89
"Sbj9_Time9",9,9,0,9.75,7.65,0,0,0,66,32,108,53,105,55,0,81,149,0,0,63,84,0,115,38,46,128,93,63,160,0,27,40,0,0,118,102,133,0,0,102,0,86,117,0,44,74,84,92,33,0,50,44,67,0,74
